madsrdf	http://www.loc.gov/mads/rdf/v1#
bflc	http://id.loc.gov/ontologies/bflc/
rdf	http://www.w3.org/1999/02/22-rdf-syntax-ns#
foaf	http://xmlns.com/foaf/0.1/
yago	http://yago-knowledge.org/resource/
rdfs	http://www.w3.org/2000/01/rdf-schema#
dbo	http://dbpedia.org/ontology/
dbp	http://dbpedia.org/property/
dc	http://purl.org/dc/elements/1.1/
gr	http://purl.org/goodrelations/v1#
owl	http://www.w3.org/2002/07/owl#
spacerel	http://data.ordnancesurvey.co.uk/ontology/spatialrelations/
skos	http://www.w3.org/2004/02/skos/core#
geo	http://www.opengis.net/ont/geosparql#
dcat	http://www.w3.org/ns/dcat#
xsd	http://www.w3.org/2001/XMLSchema#
sd	http://www.w3.org/ns/sparql-service-description#
qb	http://purl.org/linked-data/cube#
ont	http://purl.org/net/ns/ontology-annot#
sioc	http://rdfs.org/sioc/ns#
xtypes	http://purl.org/xtypes/
org	http://www.w3.org/ns/org#
dcterms	http://purl.org/dc/terms/
prov	http://www.w3.org/ns/prov#
onto	http://www.ontotext.com/
dbpedia	http://dbpedia.org/resource/
void	http://rdfs.org/ns/void#
commerce	http://search.yahoo.com/searchmonkey/commerce/
dct	http://purl.org/dc/terms/
rss	http://purl.org/rss/1.0/
gldp	http://www.w3.org/ns/people#
bibo	http://purl.org/ontology/bibo/
event	http://purl.org/NET/c4dm/event.owl#
wd	http://www.wikidata.org/entity/
geonames	http://www.geonames.org/ontology#
fb	http://rdf.freebase.com/ns/
dcmit	http://purl.org/dc/dcmitype/
md	http://www.w3.org/ns/md#
pto	http://www.productontology.org/id/
sc	http://purl.org/science/owl/sciencecommons/
prog	http://purl.org/prog/
vcard	http://www.w3.org/2006/vcard/ns#
schema	http://schema.org/
cc	http://creativecommons.org/ns#
rr	http://www.w3.org/ns/r2rml#
doap	http://usefulinc.com/ns/doap#
swrc	http://swrc.ontoware.org/ontology#
ma	http://www.w3.org/ns/ma-ont#
nie	http://www.semanticdesktop.org/ontologies/2007/01/19/nie#
dbpprop	http://dbpedia.org/property/
dbr	http://dbpedia.org/resource/
vann	http://purl.org/vocab/vann/
ex	http://example.org/
http	http://www.w3.org/2011/http#
content	http://purl.org/rss/1.0/modules/content/
tl	http://purl.org/NET/c4dm/timeline.owl#
oo	http://purl.org/openorg/
akt	http://www.aktors.org/ontology/portal#
dcterm	http://purl.org/dc/terms/
fn	http://www.w3.org/2005/xpath-functions#
vs	http://www.w3.org/2003/06/sw-vocab-status/ns#
wot	http://xmlns.com/wot/0.1/
swc	http://data.semanticweb.org/ns/swc/ontology#
ical	http://www.w3.org/2002/12/cal/ical#
aiiso	http://purl.org/vocab/aiiso/schema#
marcrel	http://id.loc.gov/vocabulary/relators/
xmp	http://ns.adobe.com/xap/1.0/
earl	http://www.w3.org/ns/earl#
gen	http://purl.org/gen/0.1#
xhtml	http://www.w3.org/1999/xhtml#
rel	http://purl.org/vocab/relationship/
cv	http://rdfs.org/resume-rdf/
mo	http://purl.org/ontology/mo/
ad	http://schemas.talis.com/2005/address/schema#
bio	http://purl.org/vocab/bio/0.1/
dc11	http://purl.org/dc/elements/1.1/
cyc	http://sw.opencyc.org/concept/
factbook	http://wifo5-04.informatik.uni-mannheim.de/factbook/ns#
crm	http://www.cidoc-crm.org/cidoc-crm/
test2	http://this.invalid/test2#
bill	http://www.rdfabout.com/rdf/schema/usbill/
xhv	http://www.w3.org/1999/xhtml/vocab#
d2rq	http://www.wiwiss.fu-berlin.de/suhl/bizer/D2RQ/0.1#
daia	http://purl.org/ontology/daia/
rdfg	http://www.w3.org/2004/03/trix/rdfg-1/
pc	http://purl.org/procurement/public-contracts#
og	http://ogp.me/ns#
sdmxdim	http://purl.org/linked-data/sdmx/2009/dimension#
co	http://rhizomik.net/ontologies/copyrightonto.owl#
cs	http://purl.org/vocab/changeset/schema#
air	http://dig.csail.mit.edu/TAMI/2007/amord/air#
admin	http://webns.net/mvcb/
dv	http://rdf.data-vocabulary.org/#
log	http://www.w3.org/2000/10/swap/log#
book	http://purl.org/NET/book/vocab#
media	http://search.yahoo.com/searchmonkey/media/
oa	http://www.w3.org/ns/oa#
ctag	http://commontag.org/ns#
tzont	http://www.w3.org/2006/timezone#
days	http://ontologi.es/days#
ir	http://www.ontologydesignpatterns.org/cp/owl/informationrealization.owl#
afn	http://jena.hpl.hp.com/ARQ/function#
biblio	http://purl.org/net/biblio#
tag	http://www.holygoat.co.uk/owl/redwood/0.1/tags/
xfn	http://gmpg.org/xfn/11#
con	http://www.w3.org/2000/10/swap/pim/contact#
botany	http://purl.org/NET/biol/botany#
musim	http://purl.org/ontology/similarity/
osag	http://www.ordnancesurvey.co.uk/ontology/AdministrativeGeography/v2.0/AdministrativeGeography.rdf#
time	http://www.w3.org/2006/time#
cal	http://www.w3.org/2002/12/cal/ical#
sr	http://www.openrdf.org/config/repository/sail#
mu	http://mu.semte.ch/vocabularies/core/
photoshop	http://ns.adobe.com/photoshop/1.0/
cld	http://purl.org/cld/terms/
reco	http://purl.org/reco#
myspace	http://purl.org/ontology/myspace#
ome	http://purl.org/ontomedia/core/expression#
dcq	http://purl.org/dc/qualifiers/1.0/
xs	http://www.w3.org/2001/XMLSchema#
sism	http://purl.oclc.org/NET/sism/0.1/
dir	http://schemas.talis.com/2005/dir/schema#
cmp	http://www.ontologydesignpatterns.org/cp/owl/componency.owl#
xf	http://www.w3.org/2002/xforms/
af	http://purl.org/ontology/af/
wfs	http://schemas.opengis.net/wfs/
ok	http://okkam.org/terms#
lomvoc	http://ltsc.ieee.org/rdf/lomv1p0/vocabulary#
sio	http://semanticscience.org/resource/
rif	http://www.w3.org/2007/rif#
memo	http://ontologies.smile.deri.ie/2009/02/27/memo#
math	http://www.w3.org/2000/10/swap/math#
giving	http://ontologi.es/giving#
rev	http://purl.org/stuff/rev#
frbr	http://purl.org/vocab/frbr/core#
swande	http://purl.org/swan/1.2/discourse-elements/
dcn	http://www.w3.org/2007/uwa/context/deliverycontext.owl#
owlim	http://www.ontotext.com/trree/owlim#
swanq	http://purl.org/swan/1.2/qualifiers/
cfp	http://sw.deri.org/2005/08/conf/cfp.owl#
sdmxa	http://purl.org/linked-data/sdmx/2009/attribute#
obo	http://purl.obolibrary.org/obo/
gn	http://www.geonames.org/ontology#
jdbc	http://d2rq.org/terms/jdbc/
exif	http://www.w3.org/2003/12/exif/ns#
xsi	http://www.w3.org/2001/XMLSchema-instance#
as	https://www.w3.org/ns/activitystreams#
ov	http://open.vocab.org/terms/
swrl	http://www.w3.org/2003/11/swrl#
swrcfe	http://www.morelab.deusto.es/ontologies/swrcfe#
om	http://opendata.caceres.es/def/ontomunicipio#
type	http://info.deepcarbon.net/schema/type#
sdmx	http://purl.org/linked-data/sdmx#
swrlb	http://www.w3.org/2003/11/swrlb#
cnt	http://www.w3.org/2011/content#
adms	http://www.w3.org/ns/adms#
bf	http://bibframe.org/vocab/
cert	http://www.w3.org/ns/auth/cert#
sioct	http://rdfs.org/sioc/types#
scovo	http://purl.org/NET/scovo#
ore	http://www.openarchives.org/ore/terms/
nfo	http://www.semanticdesktop.org/ontologies/2007/03/22/nfo#
gtfs	http://vocab.gtfs.org/terms#
siocserv	http://rdfs.org/sioc/services#
openlinks	http://www.openlinksw.com/schemas/virtrdf#
coref	http://www.rkbexplorer.com/ontologies/coref#
drugbank	http://www4.wiwiss.fu-berlin.de/drugbank/resource/drugbank/
unit	http://qudt.org/vocab/unit#
lemon	http://lemon-model.net/lemon#
eat	http://www.eat.rl.ac.uk/#
voaf	http://purl.org/vocommons/voaf#
sf	http://www.opengis.net/ont/sf#
geoes	http://geo.linkeddata.es/ontology/
lyou	http://purl.org/linkingyou/
omn	http://open-multinet.info/ontology/omn#
pmlj	http://inference-web.org/2.0/pml-justification.owl#
ptr	http://www.w3.org/2009/pointers#
isbd	http://iflastandards.info/ns/isbd/elements/
ac	http://umbel.org/umbel/ac/
edm	http://www.europeana.eu/schemas/edm/
prism	http://prismstandard.org/namespaces/basic/2.0/
fabio	http://purl.org/spar/fabio/
db	http://dbpedia.org/
ldp	http://www.w3.org/ns/ldp#
acc	http://purl.org/NET/acc#
ontology	http://dbpedia.org/ontology/
aat	http://vocab.getty.edu/aat/
qudt	http://qudt.org/1.1/schema/qudt#
movie	http://data.linkedmdb.org/resource/movie/
wn	http://xmlns.com/wordnet/1.6/
skosxl	http://www.w3.org/2008/05/skos-xl#
rsa	http://www.w3.org/ns/auth/rsa#
dul	http://www.ontologydesignpatterns.org/ont/dul/DUL.owl#
core	http://vivoweb.org/ontology/core#
geosparql	http://www.opengis.net/ont/geosparql#
akts	http://www.aktors.org/ontology/support#
eg	http://eulergui.sourceforge.net/engine.owl#
gold	http://purl.org/linguistics/gold/
test	http://test2.example.com/
wn20schema	http://www.w3.org/2006/03/wn/wn20/schema/
sider	http://www4.wiwiss.fu-berlin.de/sider/resource/sider/
ssn	http://www.w3.org/ns/ssn/
nsogi	http://prefix.cc/nsogi:
lv	http://purl.org/lobid/lv#
acm	http://www.rkbexplorer.com/ontologies/acm#
room	http://vocab.deri.ie/rooms#
po	http://purl.org/ontology/po/
lgd	http://linkedgeodata.org/triplify/
umbelrc	http://umbel.org/umbel/rc/
zoology	http://purl.org/NET/biol/zoology#
service	http://purl.org/ontology/service#
lexinfo	http://www.lexinfo.net/ontology/2.0/lexinfo#
music	http://musicontology.com/
gvp	http://vocab.getty.edu/ontology#
loc	http://www.w3.org/2007/uwa/context/location.owl#
formats	http://www.w3.org/ns/formats/
organism	http://eulersharp.sourceforge.net/2003/03swap/organism#
uniprot	http://purl.uniprot.org/core/
tgn	http://vocab.getty.edu/tgn/
cito	http://purl.org/spar/cito/
dcam	http://purl.org/dc/dcam/
dce	http://purl.org/dc/elements/1.1/
prv	http://purl.org/net/provenance/ns#
whois	http://www.kanzaki.com/ns/whois#
ignf	http://data.ign.fr/def/ignf#
acl	http://www.w3.org/ns/auth/acl#
ulan	http://vocab.getty.edu/ulan/
irw	http://www.ontologydesignpatterns.org/ont/web/irw.owl#
swid	http://semanticweb.org/id/
rec	http://purl.org/ontology/rec/core#
sp	http://spinrdf.org/sp#
dbpediaowl	http://dbpedia.org/ontology/
georss	http://www.georss.org/georss/
pr	http://purl.org/ontology/prv/core#
dblp	http://dblp.uni-trier.de/rdf/schema-2015-01-26#
ti	http://www.ontologydesignpatterns.org/cp/owl/timeinterval.owl#
go	http://purl.org/obo/owl/GO#
ndl	http://schemas.ogf.org/nml/2013/05/base#
space	http://purl.org/net/schemas/space/
java	http://www.w3.org/2007/uwa/context/java.owl#
nco	http://www.semanticdesktop.org/ontologies/2007/03/22/nco#
lode	http://linkedevents.org/ontology/
granatum	http://chem.deri.ie/granatum/
nif	http://persistence.uni-leipzig.org/nlp2rdf/ontologies/nif-core#
atom	http://www.w3.org/2005/Atom/
fresnel	http://www.w3.org/2004/09/fresnel#
abc	http://www.metadata.net/harmony/ABCSchemaV5Commented.rdf#
daml	http://www.daml.org/2001/03/daml+oil#
ecs	http://rdf.ecs.soton.ac.uk/ontology/ecs#
dbc	http://dbpedia.org/resource/Category:
spin	http://spinrdf.org/spin#
dbprop	http://orda-sosat.com/property/
admingeo	http://data.ordnancesurvey.co.uk/ontology/admingeo/
wo	http://purl.org/ontology/wo/
cpa	http://www.ontologydesignpatterns.org/schemas/cpannotationschema.owl#
sesame	http://www.openrdf.org/schema/sesame#
resist	http://www.rkbexplorer.com/ontologies/resist#
rnews	http://iptc.org/std/rNews/2011-10-07#
cro	http://rhizomik.net/ontologies/copyrightonto.owl#
doc	http://www.w3.org/2000/10/swap/pim/doc#
link	http://www.w3.org/2006/link#
protege	http://protege.stanford.edu/system#
politico	http://www.rdfabout.com/rdf/schema/politico/
pmt	http://tipsy.googlecode.com/svn/trunk/vocab/pmt#
bibtex	http://purl.oclc.org/NET/nknouf/ns/bibtex#
cco	http://www.ontologyrepository.com/CommonCoreOntologies/
biocore	http://bio2rdf.org/core#
ya	http://blogs.yandex.ru/schema/foaf/
umbel	http://umbel.org/umbel#
omt	http://purl.org/ontomedia/ext/common/trait#
imm	http://schemas.microsoft.com/imm/
opm	https://w3id.org/opm#
dctype	http://purl.org/dc/dcmitype/
omb	http://purl.org/ontomedia/ext/common/being#
user	http://schemas.talis.com/2005/user/schema#
oc	http://opencoinage.org/rdf/
gndo	http://d-nb.info/standards/elementset/gnd#
scot	http://rdfs.org/scot/ns#
biol	http://purl.org/NET/biol/ns#
oauth	http://demiblog.org/vocab/oauth#
taxo	http://purl.org/rss/1.0/modules/taxonomy/
climb	http://climb.dataincubator.org/vocabs/climb/
sec	https://w3id.org/security#
profiling	http://ontologi.es/profiling#
gd	http://rdf.data-vocabulary.org/#
bif	http://www.openlinksw.com/schemas/bif#
doac	http://ramonantonio.net/doac/0.1/#
disco	http://rdf-vocabulary.ddialliance.org/discovery#
mit	http://purl.org/ontology/mo/mit#
kb	http://deductions.sf.net/ontology/knowledge_base.owl#
compass	http://purl.org/net/compass#
wv	http://vocab.org/waiver/terms/
opensearch	http://a9.com/-/spec/opensearch/1.1/
sparql	http://www.w3.org/ns/sparql#
wgs84	http://www.w3.org/2003/01/geo/wgs84_pos#
courseware	http://courseware.rkbexplorer.com/ontologies/courseware#
ddc	http://purl.org/NET/decimalised#
bio2rdf	http://bio2rdf.org/
atomix	http://buzzword.org.uk/rdf/atomix#
label	http://purl.org/net/vocab/2004/03/label#
lx	http://purl.org/NET/lx#
myspo	http://purl.org/ontology/myspace#
wdrs	http://www.w3.org/2007/05/powder-s#
meteo	http://purl.org/ns/meteo#
tmo	http://www.semanticdesktop.org/ontologies/2008/05/20/tmo#
lfn	http://www.dotnetrdf.org/leviathan#
httph	http://www.w3.org/2007/ont/httph#
usgov	http://www.rdfabout.com/rdf/schema/usgovt/
fec	http://www.rdfabout.com/rdf/schema/usfec/
powder	http://www.w3.org/2007/05/powder#
ngeo	http://geovocab.org/geometry#
am	http://vocab.deri.ie/am#
sdl	http://purl.org/vocab/riro/sdl#
cdm	http://publications.europa.eu/ontology/cdm#
os	http://www.w3.org/2000/10/swap/os#
rep	http://www.openrdf.org/config/repository#
omc	http://purl.org/ontomedia/ext/common/bestiary#
chord	http://purl.org/ontology/chord/
swivt	http://semantic-mediawiki.org/swivt/1.0#
food	http://purl.org/foodontology#
worldbank	http://worldbank.270a.info/dataset/
es	http://eulersharp.sourceforge.net/2003/03swap/log-rules#
mf	http://www.w3.org/2001/sw/DataAccess/tests/test-manifest#
postcode	http://data.ordnancesurvey.co.uk/id/postcodeunit/
kwijibo	http://kwijibo.talis.com/
contact	http://www.w3.org/2000/10/swap/pim/contact#
conv	http://purl.org/twc/vocab/conversion/
sv	http://schemas.talis.com/2005/service/schema#
hlisting	http://sindice.com/hlisting/0.1/
pmlp	http://inference-web.org/2.0/pml-provenance.owl#
money	http://purl.org/net/rdf-money/
hard	http://www.w3.org/2007/uwa/context/hardware.owl#
affy	http://www.affymetrix.com/community/publications/affymetrix/tmsplice#
spl	http://spinrdf.org/spl#
iswc	http://annotation.semanticweb.org/2004/iswc#
gpt	http://purl.org/vocab/riro/gpt#
eztag	http://ontologies.ezweb.morfeo-project.org/eztag/ns#
biopax	http://www.biopax.org/release/biopax-level3.owl#
wgs	http://www.w3.org/2003/01/geo/wgs84_pos#
web	http://www.w3.org/2007/uwa/context/web.owl#
sit	http://www.ontologydesignpatterns.org/cp/owl/situation.owl#
wordmap	http://purl.org/net/ns/wordmap#
awol	http://bblfish.net/work/atom-owl/2006-06-06/#
audio	http://purl.org/media/audio#
video	http://purl.org/ontology/video#
hcterms	http://purl.org/uF/hCard/terms/
resource	http://purl.org/vocab/resourcelist/schema#
lang	http://ontologi.es/lang/core#
moat	http://moat-project.org/ns#
dailymed	http://www4.wiwiss.fu-berlin.de/dailymed/resource/dailymed/
prj	http://purl.org/stuff/project/
p3p	http://www.w3.org/2002/01/p3prdfv1#
nrl	http://www.semanticdesktop.org/ontologies/2007/08/15/nrl#
xro	http://purl.org/xro/ns#
nao	http://www.semanticdesktop.org/ontologies/2007/08/15/nao#
interval	http://reference.data.gov.uk/def/intervals/
doclist	http://www.junkwork.net/xml/DocumentList#
nmo	http://www.semanticdesktop.org/ontologies/2007/03/22/nmo#
swandr	http://purl.org/swan/1.2/discourse-relationships/
rdac	http://rdaregistry.info/Elements/c/
product	http://purl.org/commerce/product#
obj	http://www.openrdf.org/rdf/2009/object#
lfm	http://purl.org/ontology/last-fm/
so	http://purl.org/ontology/symbolic-music/
lgdo	http://linkedgeodata.org/ontology/
tio	http://purl.org/tio/ns#
copyright	http://rhizomik.net/ontologies/copyrightonto.owl#
site	http://ns.ontowiki.net/SysOnt/Site/
fed	http://www.openrdf.org/config/sail/federation#
nexif	http://www.semanticdesktop.org/ontologies/2007/05/10/nexif#
smf	http://topbraid.org/sparqlmotionfunctions#
sail	http://www.openrdf.org/config/sail#
scv	http://purl.org/NET/scovo#
rei	http://www.w3.org/2004/06/rei#
ire	http://www.ontologydesignpatterns.org/cpont/ire.owl#
code	http://telegraphis.net/ontology/measurement/code#
irrl	http://www.ontologydesignpatterns.org/cp/owl/informationobjectsandrepresentationlanguages.owl#
itsrdf	http://www.w3.org/2005/11/its/rdf#
gso	http://www.w3.org/2006/gen/ont#
vote	http://www.rdfabout.com/rdf/schema/vote/
tdb	http://jena.hpl.hp.com/2008/tdb#
ddl	http://purl.org/vocab/riro/ddl#
xhe	http://buzzword.org.uk/rdf/xhtml-elements#
xl	http://langegger.at/xlwrap/vocab#
xen	http://buzzword.org.uk/rdf/xen#
spc	http://purl.org/ontomedia/core/space#
icaltzd	http://www.w3.org/2002/12/cal/icaltzd#
cycann	http://sw.cyc.com/CycAnnotations_v1#
omp	http://purl.org/ontomedia/ext/common/profession#
sim	http://purl.org/ontology/similarity/
dcmitype	http://purl.org/dc/dcmitype/
prissma	http://ns.inria.fr/prissma/v1#
lastfm	http://purl.org/ontology/last-fm/
library	http://purl.org/library/
meetup	http://www.lotico.com/meetup/
bd	http://www.bigdata.com/rdf#
crypto	http://www.w3.org/2000/10/swap/crypto#
swp	http://www.w3.org/2004/03/trix/swp-2/
swanqs	http://purl.org/swan/1.2/qualifiers/
string	http://www.w3.org/2000/10/swap/string#
phss	http://ns.poundhill.com/phss/1.0/
npg	http://ns.nature.com/terms/
lom	http://ltsc.ieee.org/rdf/lomv1p0/lom#
acco	http://purl.org/acco/ns#
sede	http://eventography.org/sede/0.1/
common	http://www.w3.org/2007/uwa/context/common.owl#
nid3	http://www.semanticdesktop.org/ontologies/2007/05/10/nid3#
sysont	http://ns.ontowiki.net/SysOnt/
ref	http://purl.org/vocab/relationship/
rdfa	http://www.w3.org/ns/rdfa#
opo	http://online-presence.net/opo/ns#
dady	http://purl.org/NET/dady#
resex	http://resex.rkbexplorer.com/ontologies/resex#
ontolex	http://www.w3.org/ns/lemon/ontolex#
uco	http://purl.org/uco/ns#
swh	http://plugin.org.uk/swh-plugins/
omm	http://purl.org/ontomedia/core/media#
ping	http://purl.org/net/pingback/
ocd	http://dati.camera.it/ocd/
xforms	http://www.w3.org/2002/xforms/
soft	http://www.w3.org/2007/uwa/context/software.owl#
dummy	http://hello.com/
sco	http://purl.org/ontology/sco#
pat	http://purl.org/hpi/patchr#
ass	http://uptheasset.org/ontology#
sport	http://www.bbc.co.uk/ontologies/sport/
like	http://ontologi.es/like#
dgtwc	http://data-gov.tw.rpi.edu/2009/data-gov-twc.rdf#
airport	http://www.daml.org/2001/10/html/airport-ont#
ne	http://umbel.org/umbel/ne/
swanco	http://purl.org/swan/1.2/swan-commons/
net	http://www.w3.org/2007/uwa/context/network.owl#
bib	http://zeitkunst.org/bibtex/0.1/bibtex.owl#
rdrel	http://rdvocab.info/RDARelationshipsWEMI/
pobo	http://purl.obolibrary.org/obo/
ezcontext	http://ontologies.ezweb.morfeo-project.org/ezcontext/ns#
gnd	http://d-nb.info/gnd/
lingvoj	http://www.lingvoj.org/ontology#
smiley	http://www.smileyontology.com/ns#
custom	http://www.openrdf.org/config/sail/custom#
psych	http://purl.org/vocab/psychometric-profile/
gob	http://purl.org/ontology/last-fm/
lotico	http://www.lotico.com/resource/
xhtmlvocab	http://www.w3.org/1999/xhtml/vocab/
ero	http://purl.obolibrary.org/obo/
cgov	http://reference.data.gov.uk/def/central-government/
tags	http://www.holygoat.co.uk/owl/redwood/0.1/tags/
mysql	http://web-semantics.org/ns/mysql/
rov	http://www.w3.org/ns/regorg#
ao	http://purl.org/ontology/ao/core#
trackback	http://madskills.com/public/xml/rss/module/trackback/
states	http://www.w3.org/2005/07/aaa#
ct	http://data.linkedct.org/resource/linkedct/
qdoslf	http://foaf.qdos.com/lastfm/schema/
olia	http://purl.org/olia/olia.owl#
pmlr	http://inference-web.org/2.0/pml-relation.owl#
c4n	http://vocab.deri.ie/c4n#
efo	http://www.ebi.ac.uk/efo/
freebase	http://rdf.freebase.com/ns/
lifecycle	http://purl.org/vocab/lifecycle/schema#
aifb	http://www.aifb.kit.edu/id/
dwc	http://rs.tdwg.org/dwc/terms/
sm	http://topbraid.org/sparqlmotion#
prot	http://www.proteinontology.info/po.owl#
cogs	http://vocab.deri.ie/cogs#
grddl	http://www.w3.org/2003/g/data-view#
eu	http://eulersharp.sourceforge.net/2003/03swap/log-rules#
push	http://www.w3.org/2007/uwa/context/push.owl#
rail	http://ontologi.es/rail/vocab#
b2bo	http://purl.org/b2bo#
anca	http://users.utcluj.ro/~raluca/rdf_ontologies_ralu/ralu_modified_ontology_pizzas2_0#
ro	http://purl.org/wf4ever/ro#
rdagr1	http://rdvocab.info/Elements/
isi	http://purl.org/ontology/is/inst/
cerif	http://spi-fm.uca.es/neologism/cerif#
game	http://data.totl.net/game/
puc	http://purl.org/NET/puc#
pgterms	http://www.gutenberg.org/2009/pgterms/
ibis	http://purl.org/ibis#
lt	http://diplomski.nelakolundzija.org/LTontology.rdf#
evset	http://dsnotify.org/vocab/eventset/0.1/
lime	http://www.w3.org/ns/lemon/lime#
rulz	http://purl.org/NET/rulz#
wdr	http://www.w3.org/2007/05/powder#
sawsdl	http://www.w3.org/ns/sawsdl#
conserv	http://conserv.deri.ie/ontology#
ist	http://purl.org/ontology/is/types/
urn	http://fliqz.com/
list	http://www.w3.org/2000/10/swap/list#
meta	http://www.openrdf.org/rdf/2009/metadata#
conversion	http://purl.org/twc/vocab/conversion/
pav	http://purl.org/pav/
xkos	http://rdf-vocabulary.ddialliance.org/xkos#
bookmark	http://www.w3.org/2002/01/bookmark#
lark1	http://users.utcluj.ro/~raluca/ontology/Ontology1279614123500.owl#
ttl	http://www.w3.org/2008/turtle#
pimo	http://www.semanticdesktop.org/ontologies/2007/11/01/pimo#
places	http://purl.org/ontology/places#
ps	https://w3id.org/payswarm#
eco	http://www.ebusiness-unibw.org/ontologies/eclass/5.1.4/#
name	http://example.org/name#
cordis	http://cordis.europa.eu/projects/
tripfs	http://purl.org/tripfs/2010/02#
oat	http://openlinksw.com/schemas/oat/
bsbm	http://www4.wiwiss.fu-berlin.de/bizer/bsbm/v01/vocabulary/
frbre	http://purl.org/vocab/frbr/extended#
ldap	http://purl.org/net/ldap/
isothes	http://purl.org/iso25964/skos-thes#
hydra	http://www.w3.org/ns/hydra/core#
act	http://www.w3.org/2007/rif-builtin-action#
h5	http://buzzword.org.uk/rdf/h5#
sml	http://topbraid.org/sparqlmotionlib#
wnschema	http://www.cogsci.princeton.edu/~wn/schema/
is	http://purl.org/ontology/is/core#
apivc	http://purl.org/linked-data/api/vocab#
plink	http://buzzword.org.uk/rdf/personal-link-types#
asn	http://purl.org/ASN/schema/core/
timeline	http://purl.org/NET/c4dm/timeline.owl#
cpv	http://purl.org/weso/cpv/
dbpp	http://dbpedia.org/property/
arpfo	http://vocab.ouls.ox.ac.uk/projectfunding#
lvont	http://lexvo.org/ontology#
kontakt	http://richard.cyganiak.de/
gml	http://www.opengis.net/ont/gml#
viaf	http://viaf.org/ontology/1.1/#
play	http://uriplay.org/spec/ontology/#
geographis	http://telegraphis.net/ontology/geography/geography#
ncal	http://www.semanticdesktop.org/ontologies/2007/04/02/ncal#
ui	http://www.w3.org/ns/ui#
okkam	http://models.okkam.org/ENS-core-vocabulary#
pbo	http://purl.org/ontology/pbo/core#
txn	http://lod.taxonconcept.org/ontology/txn.owl#
sioca	http://rdfs.org/sioc/actions#
inno	http://purl.org/innovation/ns#
opus	http://lsdis.cs.uga.edu/projects/semdis/opus#
ean	http://openean.kaufkauf.net/id/
human	http://eulersharp.sourceforge.net/2003/03swap/human#
eprints	http://eprints.org/ontology/
osgb	http://data.ordnancesurvey.co.uk/id/
phil	http://philosurfical.open.ac.uk/ontology/philosurfical.owl#
drug	http://www.agfa.com/w3c/2009/drugTherapy#
agg	http://purl.org/twc/health/vocab/aggregate/
osoc	http://web-semantics.org/ns/opensocial#
yoda	http://purl.org/NET/yoda#
muto	http://purl.org/muto/core#
dita	http://purl.org/dita/ns#
dnr	http://www.dotnetrdf.org/configuration#
wairole	http://www.w3.org/2005/01/wai-rdf/GUIRoleTaxonomy#
httpvoc	http://www.w3.org/2006/http#
datafaqs	http://purl.org/twc/vocab/datafaqs#
fise	http://fise.iks-project.eu/ontology/
remus	http://www.semanticweb.org/ontologies/2010/6/Ontology1279614123500.owl#
pmlt	http://inference-web.org/2.0/pml-trust.owl#
dbnary	http://kaiko.getalp.org/dbnary#
coin	http://purl.org/court/def/2009/coin#
ub	http://www.lehigh.edu/~zhp2/2004/0401/univ-bench.owl#
swanpav	http://purl.org/swan/1.2/pav/
lp	http://launchpad.net/rdf/launchpad#
posh	http://poshrdf.org/ns/posh/
res	http://dbpedia.org/resource/
prvtypes	http://purl.org/net/provenance/types#
session	http://redfoot.net/2005/session#
address	http://schemas.talis.com/2005/address/schema#
mods	http://www.loc.gov/mods/v3#
xesam	http://freedesktop.org/standards/xesam/1.0/core#
pml	http://provenanceweb.org/ns/pml#
muo	http://purl.oclc.org/NET/muo/muo#
person	http://www.w3.org/ns/person#
wisski	http://wiss-ki.eu/
vso	http://purl.org/vso/ns#
agents	http://eulersharp.sourceforge.net/2003/03swap/agent#
imreg	http://www.w3.org/2004/02/image-regions#
swanci	http://purl.org/swan/1.2/citations/
geospecies	http://rdf.geospecies.org/ont/geospecies#
cheminf	http://www.semanticweb.org/ontologies/cheminf.owl#
wordnet	http://wordnet-rdf.princeton.edu/ontology#
nsa	http://multimedialab.elis.ugent.be/organon/ontologies/ninsuna#
ospost	http://data.ordnancesurvey.co.uk/ontology/postcode/
protons	http://proton.semanticweb.org/2005/04/protons#
enc	http://www.w3.org/2001/04/xmlenc#
ceo	http://www.ebusiness-unibw.org/ontologies/consumerelectronics/v1#
oslc	http://open-services.net/ns/core#
hospital	http://www.agfa.com/w3c/2009/hospital#
vitro	http://vitro.mannlib.cornell.edu/ns/vitro/public#
locn	http://www.w3.org/ns/locn#
zem	http://s.zemanta.com/ns#
languages	http://eulersharp.sourceforge.net/2003/03swap/languages#
com	http://purl.org/commerce#
vsr	http://purl.org/twc/vocab/vsr#
uri	http://purl.org/NET/uri#
payment	http://reference.data.gov.uk/def/payment#
calli	http://callimachusproject.org/rdf/2009/framework#
fab	http://purl.org/fab/ns#
search	http://sindice.com/vocab/search#
mei	http://www.music-encoding.org/ns/mei/
zbwext	http://zbw.eu/namespaces/zbw-extensions/
agetec	http://www.agetec.org/
arch	http://purl.org/archival/vocab/arch#
cube	http://purl.org/linked-data/cube#
tarot	http://data.totl.net/tarot/card/
card	http://www.ashutosh.com/test/
swanag	http://purl.org/swan/1.2/agents/
arg	http://rdfs.org/sioc/argument#
isq	http://purl.org/ontology/is/quality/
pom	http://maven.apache.org/POM/4.0.0#
cidoc	http://erlangen-crm.org/current/
xfnv	http://vocab.sindice.com/xfn#
status	http://ontologi.es/status#
rdau	http://rdaregistry.info/Elements/u/
linkedct	http://data.linkedct.org/vocab/
xbrli	http://www.xbrl.org/2003/instance#
nt	http://ns.inria.fr/nicetag/2010/09/09/voc#
care	http://eulersharp.sourceforge.net/2003/03swap/care#
opmv	http://purl.org/net/opmv/ns#
ann	http://www.w3.org/2000/10/annotation-ns#
rooms	http://vocab.deri.ie/rooms#
rdam	http://rdaregistry.info/Elements/m/
evopat	http://ns.aksw.org/Evolution/
pdo	http://ontologies.smile.deri.ie/pdo#
deo	http://purl.org/spar/deo/
edam	http://edamontology.org/
hemogram	http://www.agfa.com/w3c/2009/hemogram#
gc	http://www.oegov.org/core/owl/gc#
geodata	http://sws.geonames.org/
sl	http://www.semanlink.net/2001/00/semanlink-schema#
cos	http://www.inria.fr/acacia/corese#
olo	http://purl.org/ontology/olo/core#
esd	http://def.esd.org.uk/
frir	http://purl.org/twc/ontology/frir.owl#
aair	http://xmlns.notu.be/aair#
cmo	http://purl.org/twc/ontologies/cmo.owl#
exterms	http://www.example.org/terms/
derecho	http://purl.org/derecho#
dgfoaf	http://west.uni-koblenz.de/ontologies/2010/07/dgfoaf.owl#
gsp	http://www.opengis.net/ont/geosparql#
prefix	http://prefix.cc/
webtlab	http://webtlab.it.uc3m.es/
pro	http://purl.org/hpi/patchr#
rdaa	http://rdaregistry.info/Elements/a/
xml	http://www.w3.org/XML/1998/namespace/
nndsr	http://semanticdiet.com/schema/usda/nndsr/
govtrackus	http://www.rdfabout.com/rdf/usgov/geo/us/
ludo	http://ns.inria.fr/ludo/v1#
penn	http://purl.org/olia/penn.owl#
example	http://www.example.org/rdf#
dayta	http://dayta.me/resource#
bte	http://purl.org/twc/vocab/between-the-edges/
voag	http://voag.linkedmodel.org/schema/voag#
gazetteer	http://data.ordnancesurvey.co.uk/ontology/50kGazetteer/
coo	http://purl.org/coo/ns#
purl	http://www.purl.org/
oboso	http://purl.org/obo/owl/SO#
ccom	http://purl.org/ontology/cco/mappings#
wikipedia	http://wikipedia.no/rdf/
c4o	http://purl.org/spar/c4o/
theatre	http://purl.org/theatre#
loticoowl	http://www.lotico.com/ontology/
bioskos	http://eulersharp.sourceforge.net/2003/03swap/bioSKOSSchemes#
wlp	http://weblab-project.org/core/model/property/processing/
fowl	http://www.w3.org/TR/2003/PR-owl-guide-20031209/food#
marl	http://www.gsi.dit.upm.es/ontologies/marl/ns#
idemo	http://rdf.insee.fr/def/demo#
gridworks	http://purl.org/net/opmv/types/gridworks#
oboro	http://obofoundry.org/ro/ro.owl#
blt	http://www.bl.uk/schemas/bibliographic/blterms#
gv	http://rdf.data-vocabulary.org/#
organiz	http://eulersharp.sourceforge.net/2003/03swap/organization#
life	http://life.deri.ie/schema/
dso	http://purl.org/ontology/dso#
atomowl	http://bblfish.net/work/atom-owl/2006-06-06/#
countries	http://eulersharp.sourceforge.net/2003/03swap/countries#
opwn	http://www.ontologyportal.org/WordNet.owl#
ppo	http://vocab.deri.ie/ppo#
scsv	http://purl.org/NET/schema-org-csv#
ncbitaxon	http://purl.org/obo/owl/NCBITaxon#
xsl	http://www.w3.org/1999/XSL/Transform#
aapi	http://rdf.alchemyapi.com/rdf/v1/s/aapi-schema#
sindice	http://vocab.sindice.net/
dt	http://dbpedia.org/datatype/
req	http://purl.org/req/
provenir	http://knoesis.wright.edu/provenir/provenir.owl#
muni	http://vocab.linkeddata.es/urbanismo-infraestructuras/territorio#
dnb	http://d-nb.info/gnd/
spatial	http://geovocab.org/spatial#
quak	http://dev.w3.org/cvsweb/2000/quacken/vocab#
emotion	http://ns.inria.fr/emoca#
ogp	http://ogp.me/ns#
wgspos	http://www.w3.org/2003/01/geo/wgs84_pos#
linkedmdb	http://data.linkedmdb.org/sparql/
tcga	http://purl.org/tcga/core#
elog	http://eulersharp.sourceforge.net/2003/03swap/log-rules#
geof	http://www.opengis.net/def/function/geosparql/
toby	http://tobyinkster.co.uk/#
br	http://vocab.deri.ie/br#
oboe	http://ecoinformatics.org/oboe/oboe.1.0/oboe-core.owl#
cex	http://purl.org/weso/computex/ontology#
odp	http://ontologydesignpatterns.org/
ufmedia	http://purl.org/microformat/hmedia/
wai	http://purl.org/wai#
ens	http://models.okkam.org/ENS-core-vocabulary.owl#
agrelon	http://d-nb.info/standards/elementset/agrelon#
qa	http://www.mit.jyu.fi/ai/TRUST_Ontologies/QA.owl#
genab	http://eulersharp.sourceforge.net/2003/03swap/genomeAbnormality#
prvr	http://purl.org/ontology/prv/rules#
skip	http://skipforward.net/skipforward/resource/
owltime	http://www.w3.org/TR/owl-time#
dive	http://scubadive.networld.to/dive.rdf#
w3p	http://prov4j.org/w3p/
kdo	http://kdo.render-project.eu/kdo#
rlog	http://persistence.uni-leipzig.org/nlp2rdf/ontologies/rlog#
owls	http://www.daml.org/services/owl-s/1.2/Service.owl#
rdo	http://purl.org/rdo/ns#
pext	http://www.ontotext.com/proton/protonext#
events	http://eulersharp.sourceforge.net/2003/03swap/event#
pos	http://www.w3.org/2003/01/geo/wgs84_pos#
decl	http://www.linkedmodel.org/1.0/schema/decl#
agent	http://eulersharp.sourceforge.net/2003/03swap/agent#
nocal	http://vocab.deri.ie/nocal#
humanbody	http://eulersharp.sourceforge.net/2003/03swap/humanBody#
mygrid	http://www.mygrid.org.uk/ontology#
r2r	http://www4.wiwiss.fu-berlin.de/bizer/r2r/
commons	http://commons.psi.enakting.org/def/
enhancer	http://stanbol.apache.org/ontology/enhancer/enhancer#
uni	http://purl.org/weso/uni/uni.html#
wbp	http://worldbank.270a.info/property/
dtype	http://www.linkedmodel.org/schema/dtype#
teach	http://linkedscience.org/teach/ns#
metalex	http://www.metalex.eu/schema/1.0#
shv	http://ns.aksw.org/spatialHierarchy/
pccz	http://purl.org/procurement/public-contracts-czech#
pns	http://data.press.net/ontology/stuff/
city	http://datos.localidata.com/def/City#
pf	http://jena.hpl.hp.com/ARQ/property#
gelo	http://krauthammerlab.med.yale.edu/ontologies/gelo#
clineva	http://www.agfa.com/w3c/2009/clinicalEvaluation#
jita	http://aims.fao.org/aos/jita/
arecipe	http://purl.org/amicroformat/arecipe/
bing	http://bing.com/schema/media/
units	http://eulersharp.sourceforge.net/2003/03swap/units#
rad	http://www.w3.org/ns/rad#
bne	http://datos.bne.es/resource/
admssw	http://purl.org/adms/sw/
dcr	http://www.isocat.org/ns/dcr.rdf#
govwild	http://govwild.org/0.6/GWOntology.rdf/
dis	http://stanbol.apache.org/ontology/disambiguation/disambiguation#
lr	http://linkedrecipes.org/schema/
omv	http://omv.ontoware.org/2005/05/ontology#
igeo	http://rdf.insee.fr/def/geo#
s4ac	http://ns.inria.fr/s4ac/v2#
cpm	http://catalogus-professorum.org/cpm/2/
pay	http://reference.data.gov.uk/def/payment#
dco	http://info.deepcarbon.net/schema#
lctr	http://data.linkedct.org/vocab/resource/
semtweet	http://semantictweet.com/
hartigprov	http://purl.org/net/provenance/ns#
span	http://www.ifomis.org/bfo/1.1/span#
scowt	http://purl.org/weso/ontologies/scowt#
rda	http://www.rdaregistry.info/
wfdesc	http://purl.org/wf4ever/wfdesc#
tr	http://www.thomsonreuters.com/
fcm	http://eulersharp.sourceforge.net/2006/02swap/fcm#
aneo	http://akonadi-project.org/ontologies/aneo#
ic	http://imi.go.jp/ns/core/rdf#
lex	http://purl.org/lex#
cao	http://purl.org/makolab/caont/
xds	http://www.w3.org/2001/XMLSchema#
healthcare	http://www.agfa.com/w3c/2009/healthCare#
ms	http://purl.org/obo/owl/MS#
fls	http://lukasblaho.sk/football_league_schema#
iao	http://purl.obolibrary.org/obo/iao.owl#
wbc	http://worldbank.270a.info/classification/
vivo	http://vivoweb.org/ontology/core#
un	http://www.w3.org/2007/ont/unit#
fc	http://www.freeclass.eu/freeclass_v1#
sdo	http://schema.org/
infosys	http://www.infosys.com/
eclap	http://www.eclap.eu/schema/eclap/
cidoccrm	http://purl.org/NET/cidoc-crm/core#
osn	http://spatial.ucd.ie/lod/osn/
httpm	http://www.w3.org/2011/http-methods#
dbpo	http://dbpedia.org/ontology/
nytimes	http://data.nytimes.com/elements/
tmpl	http://purl.org/restdesc/http-template#
ekaw	http://data.semanticweb.org/conference/ekaw/2012/complete/
artstor	http://simile.mit.edu/2003/10/ontologies/artstor#
intervals	http://reference.data.gov.uk/def/intervals/
oper	http://sweet.jpl.nasa.gov/2.0/mathOperation.owl#
vaem	http://www.linkedmodel.org/schema/vaem#
mte	http://nl.ijs.si/ME/owl/
nxp	http://purl.org/nxp/schema/v1/
out	http://ontologies.hypios.com/out#
visit	http://purl.org/net/vocab/2004/07/visit#
greg	http://kasei.us/about/foaf.xrdf#
tei	http://www.tei-c.org/ns/1.0/
geom	http://data.ign.fr/def/geometrie#
pol	http://escience.rpi.edu/ontology/semanteco/2/0/pollution.owl#
health	http://purl.org/twc/health/vocab/
sgv	http://www.w3.org/TR/SVG/
algo	http://securitytoolbox.appspot.com/securityAlgorithms#
np	http://www.nanopub.org/nschema#
rlno	http://rdflivenews.aksw.org/ontology/
pkmn	http://pokedex.dataincubator.org/pkm/
dsp	http://purl.org/metainfo/terms/dsp#
gxa	http://www.ebi.ac.uk/gxa/
oax	http://www.w3.org/ns/openannotation/extensions/
wp	http://vocabularies.wikipathways.org/wp#
fd	http://foodable.co/ns/
ipad	http://www.padinthecity.com/
hg	http://www.holygoat.co.uk/owl/redwood/0.1/tags/
spif	http://spinrdf.org/spif#
wm	http://ns.inria.fr/webmarks#
wfprov	http://purl.org/wf4ever/wfprov#
osmsemnet	http://spatial.ucd.ie/2012/08/osmsemnet/
set	http://www.w3.org/2000/10/swap/set#
re	http://www.w3.org/2000/10/swap/reason#
bbc	http://www.bbc.co.uk/ontologies/news/
rating	http://www.tvblob.com/ratings/#
recipe	http://linkedrecipes.org/schema/
soap	http://www.w3.org/2003/05/soap-envelope/
wao	http://webtlab.it.uc3m.es/2010/10/WebAppsOntology#
atomrdf	http://atomowl.org/ontologies/atomrdf#
doco	http://purl.org/spar/doco/
wikidata	http://www.wikidata.org/entity/
aigp	http://swat.cse.lehigh.edu/resources/onto/aigp.owl#
pna	http://data.press.net/ontology/asset/
aerols	http://xmlns.com/aerols/0.1/
pne	http://data.press.net/ontology/event/
hgnc	http://bio2rdf.org/hgnc:
flow	http://www.w3.org/2005/01/wf/flow#
vocab	http://rdf.ontology2.com/vocab#
clinproc	http://www.agfa.com/w3c/2009/clinicalProcedure#
transit	http://vocab.org/transit/terms/
ccard	http://purl.org/commerce/creditcard#
ogorg	http://opengraph.org/schema/
sql	http://ns.inria.fr/ast/sql#
nuts	http://dd.eionet.europa.eu/vocabulary/common/nuts/
wapp	http://ns.rww.io/wapp#
role	https://w3id.org/role/
aersv	http://aers.data2semantics.org/vocab/
namespaces	https://vg.no/
bp	http://open-services.net/ns/basicProfile#
xch	http://oanda2rdf.appspot.com/xch/
environ	http://eulersharp.sourceforge.net/2003/03swap/environment#
telix	http://purl.org/telix#
rv	http://wifo-ravensburg.de/semanticweb.rdf#
crtv	http://open-services.net/ns/crtv#
npgg	http://ns.nature.com/graphs/
aos	http://rdf.muninn-project.org/ontologies/appearances#
aims	http://aims.fao.org/aos/common/
p20	http://zbw.eu/beta/p20/vocab/
myprefix	http://myprefix.org/
hxl	http://hxl.humanitarianresponse.info/ns/#
frapo	http://purl.org/cerif/frapo/
vcardx	http://buzzword.org.uk/rdf/vcardx#
sem	http://semanticweb.cs.vu.nl/2009/11/sem/
fl	http://eulersharp.sourceforge.net/2003/03swap/fl-rules#
pronom	http://reference.data.gov.uk/technical-registry/
coeus	http://bioinformatics.ua.pt/coeus/
category	http://dbpedia.org/resource/Category:
rdfdf	http://www.openlinksw.com/virtrdf-data-formats#
zoomaterms	http://rdf.ebi.ac.uk/vocabulary/zooma/
htir	http://www.w3.org/2011/http#
d2r	http://sites.wiwiss.fu-berlin.de/suhl/bizer/d2r-server/config.rdf#
faldo	http://biohackathon.org/resource/faldo#
diseasome	http://www4.wiwiss.fu-berlin.de/diseasome/resource/diseasome/
oac	http://www.openannotation.org/ns/
wf	http://www.w3.org/2005/01/wf/flow#
eye	http://jena.hpl.hp.com/Eyeball#
saxon	http://saxon.sf.net/
api	http://purl.org/linked-data/api/vocab#
sig	http://purl.org/signature#
fingal	http://vocab.deri.ie/fingal#
ngeoi	http://vocab.lenka.no/geo-deling#
visko	http://trust.utep.edu/visko/ontology/visko-operator-v3.owl#
goef	http://purl.org/twc/vocab/goef#
mime	https://www.iana.org/assignments/media-types/
poder	http://poderopedia.com/vocab/
sdgp	http://stats.data-gov.ie/property/
mtecore	http://purl.org/olia/mte/multext-east.owl#
func	http://www.w3.org/2007/rif-builtin-function#
wscaim	http://www.openk.org/wscaim.owl#
ends	http://labs.mondeca.com/vocab/endpointStatus#
kupkb	http://www.e-lico.eu/data/kupkb/
ple	http://pleiades.stoa.org/places/
chebi	http://bio2rdf.org/chebi:
l4a	http://labels4all.info/ns/
osr	http://dati.senato.it/osr/
malignneo	http://www.agfa.com/w3c/2009/malignantNeoplasm#
identity	http://purl.org/twc/ontologies/identity.owl#
wfm	http://purl.org/net/wf-motifs#
prolog	http://eulersharp.sourceforge.net/2003/03swap/prolog#
protegedc	http://protege.stanford.edu/plugins/owl/dc/protege-dc.owl#
marshall	http://sites.google.com/site/xgmaitc/
mpeg7	http://rhizomik.net/ontologies/2005/03/Mpeg7-2001.owl#
cdtype	http://purl.org/cld/cdtype/
iot	http://www.linkedthings.com/iot/
okg	http://openknowledgegraph.org/ontology/
hcard	http://purl.org/uF/hCard/terms/
opmw	http://www.opmw.org/ontology/
lgv	http://linkedgeodata.org/ontology/
lod2	http://lod2.eu/schema/
biordf	http://purl.org/net/biordfmicroarray/ns#
premis	http://www.loc.gov/premis/rdf/v1#
kw	http://kwantu.net/kw/
carfo	http://purl.org/carfo#
dssn	http://purl.org/net/dssn/
b2rpubchem	http://bio2rdf.org/ns/ns/ns/pubchem#
fea	http://vocab.data.gov/def/fea#
coun	http://www.daml.org/2001/09/countries/iso-3166-ont#
oj	http://ontojob.at/
xmls	http://www.w3.org/2001/XMLSchema#
mohammad	http://manesht.ir/
dl	http://ontology.ip.rm.cnr.it/ontologies/DOLCE-Lite#
bcnnorms	http://datos.bcn.cl/ontologies/bcn-norms#
eseduc	http://www.purl.org/ontologia/eseduc#
occult	http://data.totl.net/occult/
genea	http://www.owl-ontologies.com/generations.owl#
xt	http://purl.org/twc/vocab/cross-topix#
centrifuge	http://purl.org/twc/vocab/centrifuge#
dbt	http://dbpedia.org/resource/Template:
overheid	http://standaarden.overheid.nl/owms/
fct	http://openlinksw.com/services/facets/1.0/
tripfs2	http://purl.org/tripfs/2010/06#
c4dm	http://purl.org/NET/c4dm/event.owl#
daiaserv	http://purl.org/ontology/daia/Service/
article	http://ogp.me/ns/article#
frbrcore	http://purl.org/vocab/frbr/core#
iso	http://purl.org/iso25964/skos-thes#
reve	http://data.eurecom.fr/ontology/reve#
gesis	http://lod.gesis.org/lodpilot/ALLBUS/vocab.rdf#
place	http://purl.org/ontology/places/
moby	http://www.mygrid.org.uk/mygrid-moby-service#
rec54	http://www.w3.org/2001/02pd/rec54.rdf#
xlink	http://www.w3.org/1999/xlink/
gfo	http://www.onto-med.de/ontologies/gfo.owl#
open	http://open.vocab.org/terms/
transmed	http://www.w3.org/2001/sw/hcls/ns/transmed/
puelia	http://kwijibo.talis.com/vocabs/puelia#
lh	http://vocab.inf.ed.ac.uk/library/holdings#
emp	http://purl.org/ctic/empleo/oferta#
quantities	http://eulersharp.sourceforge.net/2003/03swap/quantitiesExtension#
rpubl	http://rinfo.lagrummet.se/ns/2008/11/rinfo/publ#
osp	http://data.lirmm.fr/ontologies/osp#
geofla	http://data.ign.fr/ontologies/geofla#
orca	http://geni-orca.renci.org/owl/topology.owl#
geovocab	http://geovocab.org/
ling	http://purl.org/voc/ling/
s2s	http://escience.rpi.edu/ontology/sesf/s2s/4/0/
wiki	http://en.wikipedia.org/wiki/
skiresort	http://www.openlinksw.com/ski_resorts/schema#
dbyago	http://dbpedia.org/class/yago/
campsite	http://www.openlinksw.com/campsites/schema#
grs	http://www.georss.org/georss/
prism21	http://prismstandard.org/namespaces/basic/2.1/
l4lod	http://ns.inria.fr/l4lod/v2/
bcncon	http://datos.bcn.cl/ontologies/bcn-congress#
ecb	http://ecb.270a.info/class/1.0/
penis	http://penis.to/#
cb	http://cbasewrap.ontologycentral.com/vocab#
sioctypes	http://rdfs.org/sioc/types#
germplasm	http://purl.org/germplasm/terms#
odcs	http://opendata.cz/infrastructure/odcleanstore/
iron	http://purl.org/ontology/iron#
npgd	http://ns.nature.com/datasets/
oecd	http://oecd.270a.info/dataset/
italy	http://data.kasabi.com/dataset/italy/schema/
cold	http://purl.org/configurationontology#
ql	http://www.w3.org/2004/ql#
rdaw	http://rdaregistry.info/Elements/w/
kbp	http://tackbp.org/2013/ontology#
laposte	http://data.lirmm.fr/ontologies/laposte#
osukdt	http://www.ordnancesurvey.co.uk/ontology/Datatypes.owl#
nsl	http://purl.org/ontology/storyline/
rich	http://rdf.data-vocabulary.org/
hints2005	http://purl.org/twc/cabig/model/HINTS2005-1.owl#
tvc	http://www.essepuntato.it/2012/04/tvc/
camelot	http://vocab.ox.ac.uk/camelot#
ec	http://eulergui.sourceforge.net/contacts.owl.n3#
frad	http://iflastandards.info/ns/fr/frad/
prf	http://www.openmobilealliance.org/tech/profiles/UAPROF/ccppschema-20021212#
harrisons	http://harrisons.cc/
omapi	http://purl.org/omapi/0.2/#
mm	http://linkedmultimedia.org/sparql-mm/ns/2.0.0/function#
wsc	http://www.openk.org/wscaim.owl#
swpo	http://sw-portal.deri.org/ontologies/swportal#
alchemy	http://rdf.alchemyapi.com/rdf/v1/s/aapi-schema#
nyt	http://data.nytimes.com/
no	http://km.aifb.kit.edu/projects/numbers/number#
wkd	http://schema.wolterskluwer.de/
bsb	http://opacplus.bsb-muenchen.de/title/
eumida	http://data.kasabi.com/dataset/eumida/terms/
soc	http://purl.org/net/hdlipcores/ontology/soc#
cts2	http://schema.omg.org/spec/CTS2/1.0/
sh	http://www.w3.org/ns/shacl#
hifm	http://purl.org/net/hifm/data#
ebu	http://semantic.eurobau.com/eurobau-utility.owl#
str	http://nlp2rdf.lod2.eu/schema/string/
refe	http://orion.tw.rpi.edu/~xgmatwc/refe/
sad	http://vocab.deri.ie/sad#
pam	http://prismstandard.org/namespaces/pam/2.0/
pim	http://www.w3.org/ns/pim/space#
dctypes	http://purl.org/dc/dcmitype/
vsto	http://escience.rpi.edu/ontology/vsto/2/0/vsto.owl#
paia	http://purl.org/ontology/paia#
sci	http://data.scientology.org/ns/
rso	http://www.researchspace.org/ontology/
steel	http://ontorule-project.eu/resources/steel-30#
eunis	http://eunis.eea.europa.eu/rdf/species-schema.rdf#
npgx	http://ns.nature.com/extensions/
dcm	http://dcm.com/
ecpo	http://purl.org/ontology/ecpo#
dawgt	http://www.w3.org/2001/sw/DataAccess/tests/test-dawg#
prvt	http://purl.org/net/provenance/types#
gbv	http://purl.org/ontology/gbv/
tblcard	http://www.w3.org/People/Berners-Lee/card#
scms	http://ns.aksw.org/scms/annotations/
psh	http://psh.techlib.cz/skos/
lexvo	http://lexvo.org/ontology#
tisc	http://observedchange.com/tisc/ns#
rssynd	http://web.resource.org/rss/1.0/modules/syndication/
r4ta	http://ns.inria.fr/ratio4ta/v1#
stac	http://securitytoolbox.appspot.com/stac#
stream	http://dbpedia.org/ontology/Stream/
vsw	http://verticalsearchworks.com/ontology/
bm	http://bio2rdf.org/
wi	http://purl.org/ontology/wi/core#
fos	http://futurios.org/fos/spec/
aers	http://aers.data2semantics.org/resource/
webbox	http://webbox.ecs.soton.ac.uk/ns#
comm	http://vocab.resc.info/communication#
cf	http://mmisw.org/ont/cf/parameter/
qrl	http://www.aifb.kit.edu/project/ld-retriever/qrl#
wl	http://www.wsmo.org/ns/wsmo-lite#
mrel	http://id.loc.gov/vocabulary/relators/
pso	http://purl.org/spar/pso/
oarj	http://opendepot.org/reference/linked/1.0/
fincaselaw	http://purl.org/finlex/schema/oikeus/
bcnbio	http://datos.bcn.cl/ontologies/bcn-biographies#
lcy	http://purl.org/vocab/lifecycle/schema#
oboinowl	http://www.geneontology.org/formats/oboInOwl#
mp	http://jicamaro.info/mp#
cvbase	http://purl.org/captsolo/resume-rdf/0.2/base#
curr	https://w3id.org/cc#
vsws	http://verticalsearchworks.com/ontology/synset#
qvoc	http://mlode.nlp2rdf.org/quranvocab#
dvia	http://data.eurecom.fr/ontology/dvia#
qud	http://qudt.org/1.1/schema/qudt#
eui	http://institutions.publicdata.eu/#
lldr	http://purl.oclc.org/NET/lldr/ns#
crv	http://purl.org/twc/vocab/datacarver#
conf	http://richard.cyganiak.de/2007/pubby/config.rdf#
dcndl	http://ndl.go.jp/dcndl/terms/
r2rml	http://www.w3.org/ns/r2rml#
infor	http://www.ontologydesignpatterns.org/cp/owl/informationrealization.owl#
archdesc	http://archdesc.info/archEvent#
itsmo	http://ontology.it/itsmo/v1#
graffle	http://purl.org/twc/vocab/vsr/graffle#
dcite	http://purl.org/spar/datacite/
pizza	http://www.co-ode.org/ontologies/pizza/pizza.owl#
csm	http://purl.org/csm/1.0#
bihap	http://bihap.kb.gov.tr/ontology/
up	http://users.ugent.be/~tdenies/up/
sso	http://nlp2rdf.lod2.eu/schema/sso/
va	http://code-research.eu/ontology/visual-analytics#
wsl	http://www.wsmo.org/ns/wsmo-lite#
w3con	http://www.w3.org/2000/10/swap/pim/contact#
cis	http://purl.org/NET/cloudisus#
ptop	http://www.ontotext.com/proton/protontop#
te	http://www.w3.org/2006/time-entry#
swpatho	http://swpatho.ag-nbi.de/context/meta.owl#
pubmed	http://bio2rdf.org/pubmed_vocabulary:
iol	http://www.ontologydesignpatterns.org/ont/dul/IOLite.owl#
mads	http://www.loc.gov/mads/rdf/v1#
twaapi	http://purl.org/twc/vocab/aapi-schema#
onyx	http://www.gsi.dit.upm.es/ontologies/onyx/ns#
dpl	http://dbpedialite.org/things/
opl	http://openlinksw.com/schema/attribution#
dqm	http://purl.org/dqm-vocabulary/v1/dqm#
telmap	http://purl.org/telmap/
rdamedia	http://rdvocab.info/termList/RDAMediaType/
disease	http://www.agfa.com/w3c/2009/humanDisorder#
vrank	http://purl.org/voc/vrank#
odrl	http://www.w3.org/ns/odrl/2/
meb	http://rdf.myexperiment.org/ontologies/base/
water	http://escience.rpi.edu/ontology/semanteco/2/0/water.owl#
rdacontent	http://rdvocab.info/termList/RDAContentType/
qu	http://purl.oclc.org/NET/ssnx/qu/qu#
nidm	http://nidm.nidash.org/
lodac	http://lod.ac/ns/lodac#
strdf	http://strdf.di.uoa.gr/ontology#
bwb	http://doc.metalex.eu/bwb/ontology/
rlnr	http://rdflivenews.aksw.org/resource/
mil	http://rdf.muninn-project.org/ontologies/military#
ds	http://purl.org/ctic/dcat#
fcp	http://www.newmedialab.at/fcp/
part	http://purl.org/vocab/participation/schema#
w3po	http://purl.org/provenance/w3p/w3po#
ru	http://purl.org/imbi/ru-meta.owl#
osspr	http://data.ordnancesurvey.co.uk/ontology/spatialrelations/
rdae	http://rdaregistry.info/Elements/e/
infection	http://www.agfa.com/w3c/2009/infectiousDisorder#
cosmo	http://purl.org/ontology/cosmo#
wikterms	http://wiktionary.dbpedia.org/terms/
won	http://purl.org/webofneeds/model#
osgeom	http://data.ordnancesurvey.co.uk/ontology/geometry/
bibframe	http://bibframe.org/vocab/
viskoo	http://trust.utep.edu/visko/ontology/visko-operator-v3.owl#
rdacarrier	http://rdvocab.info/termList/RDACarrierType/
rdarole	http://rdvocab.info/roles/
ctorg	http://purl.org/ctic/infraestructuras/organizacion#
roevo	http://purl.org/wf4ever/roevo#
swperson	http://data.semanticweb.org/person/
odv	http://reference.data.gov.uk/def/organogram/
oecc	http://www.oegov.org/core/owl/cc#
voidp	http://www.enakting.org/provenance/voidp/
sdmxd	http://purl.org/linked-data/sdmx/2009/dimension#
finlaw	http://purl.org/finlex/schema/laki/
prviv	http://purl.org/net/provenance/integrity#
elec	http://purl.org/ctic/sector-publico/elecciones#
msr	http://www.telegraphis.net/ontology/measurement/measurement#
particip	http://purl.org/vocab/participation/schema#
lsc	http://linkedscience.org/lsc/ns#
pkgsrc	http://pkgsrc.co/schema#
roterms	http://purl.org/wf4ever/roterms#
scufl2	http://ns.taverna.org.uk/2010/scufl2#
radion	http://www.w3.org/ns/radion#
gastro	http://www.ebsemantics.net/gastro#
situ	http://www.ontologydesignpatterns.org/cp/owl/situation.owl#
daisy	http://www.daisy.org/z3998/2012/vocab/
jjd	http://www.joshuajeeson.com/
emoca	http://ns.inria.fr/emoca#
wf4ever	http://purl.org/wf4ever/wf4ever#
vdpp	http://data.lirmm.fr/ontologies/vdpp#
qb4o	http://purl.org/olap#
rdarel	http://rdvocab.info/RDARelationshipsWEMI/
moac	http://observedchange.com/moac/ns#
quty	http://www.telegraphis.net/ontology/measurement/quantity#
onssprel	http://www.ordnancesurvey.co.uk/ontology/SpatialRelations/v0.2/SpatialRelations.owl#
frbrer	http://iflastandards.info/ns/fr/frbr/frbrer/
hlygt	http://www.holygoat.co.uk/owl/redwood/0.1/tags/
ox	http://vocab.ox.ac.uk/projectfunding#
dbpr	http://dbpedia.org/resource/
viskov	http://trust.utep.edu/visko/ontology/visko-view-v3.owl#
od	http://purl.org/twc/vocab/opendap#
ecos	http://kmm.lboro.ac.uk/ecos/1.0#
gadm	http://gadm.geovocab.org/ontology#
op	http://environment.data.gov.au/def/op#
biro	http://purl.org/spar/biro/
cbase	http://ontologycentral.com/2010/05/cb/vocab#
rdafrbr	http://rdvocab.info/uri/schema/FRBRentitiesRDA/
icane	http://www.icane.es/opendata/vocab#
vapour	http://vapour.sourceforge.net/vocab.rdf#
who	http://www.who.int/vocab/ontology#
vcard2006	http://www.w3.org/2006/vcard/ns#
accom	http://purl.org/acco/ns#
st	http://semweb.mmlab.be/ns/stoptimes#
ostop	http://www.ordnancesurvey.co.uk/ontology/Topography/v0.1/Topography.owl#
wn20	http://www.w3.org/2006/03/wn/wn20/
geop	http://aims.fao.org/aos/geopolitical.owl#
pingback	http://purl.org/net/pingback/
csp	http://vocab.deri.ie/csp#
agls	http://www.agls.gov.au/agls/terms/
rdai	http://rdaregistry.info/Elements/i/
spt	http://spitfire-project.eu/ontology/ns/
locwd	http://purl.org/locwd/schema#
poste	http://data.lirmm.fr/ontologies/poste#
lexcz	http://purl.org/lex/cz#
dbtont	http://dbtropes.org/ont/
gawd	http://gawd.atlantides.org/terms/
seq	http://www.ontologydesignpatterns.org/cp/owl/sequence.owl#
wlo	http://purl.org/ontology/wo/
mammal	http://lod.taxonconcept.org/ontology/p01/Mammalia/index.owl#
odapp	http://vocab.deri.ie/odapp#
saif	http://wwwiti.cs.uni-magdeburg.de/~srahman/
lingvo	http://www.lingvoj.org/ontology#
rdf123	http://rdf123.umbc.edu/ns/
olad	http://openlad.org/vocab#
evident	http://purl.org/net/evident#
dbptmpl	http://dbpedia.org/resource/Template:
tsioc	http://rdfs.org/sioc/types#
graves	http://rdf.muninn-project.org/ontologies/graves#
vvo	http://purl.org/vvo/ns#
frsad	http://iflastandards.info/ns/fr/frsad/
dr	http://purl.org/swan/2.0/discourse-relationships/
gnm	http://www.geonames.org/ontology/mappings/
ntag	http://ns.inria.fr/nicetag/2010/09/09/voc#
opmo	http://openprovenance.org/model/opmo#
geosp	http://rdf.geospecies.org/ont/geospecies#
mvco	http://purl.oclc.org/NET/mvco.owl#
ssso	http://purl.org/ontology/ssso#
li	http://def.seegrid.csiro.au/isotc211/iso19115/2003/lineage#
ecrm	http://erlangen-crm.org/current/
drm	http://vocab.data.gov/def/drm#
stats	http://purl.org/rdfstats/stats#
limoo	http://purl.org/LiMo/0.1/
ontopic	http://www.ontologydesignpatterns.org/ont/dul/ontopic.owl#
snarm	http://rdf.myexperiment.org/ontologies/snarm/
uta	http://uptheasset.org/ontology#
ep	http://eprints.org/ontology/
dn	http://purl.org/datanode/ns/
ogbd	http://www.ogbd.fr/2012/ontologie#
geocontext	http://www.geocontext.org/publ/2013/vocab#
mged	http://mged.sourceforge.net/ontologies/MGEDOntology.owl#
biotop	http://purl.org/biotop/biotop.owl#
stanford	http://purl.org/olia/stanford.owl#
bcngeo	http://datos.bcn.cl/ontologies/bcn-geographics#
pwo	http://purl.org/spar/pwo/
obsm	http://rdf.geospecies.org/methods/observationMethod#
gnvc	http://purl.org/gc/
owlse	http://www.daml.org/services/owl-s/1.2/generic/Expression.owl#
amalgame	http://purl.org/vocabularies/amalgame#
delta	http://www.w3.org/2004/delta#
cmd	http://clarin.eu/cmd#
seas	https://w3id.org/seas/
semio	http://www.lingvoj.org/semio#
tis	http://www.ontologydesignpatterns.org/cp/owl/timeindexedsituation.owl#
vin	http://www.w3.org/TR/2003/PR-owl-guide-20031209/wine#
coll	http://purl.org/co/
fao	http://fao.270a.info/dataset/
s3db	http://www.s3db.org/core#
turismo	http://idi.fundacionctic.org/cruzar/turismo#
lu	http://www.ontologydesignpatterns.org/ont/framenet/abox/lu/
asgv	http://aims.fao.org/aos/agrovoc/
san	http://www.irit.fr/recherches/MELODI/ontologies/SAN#
wdt	http://www.wikidata.org/prop/direct/
ordf	http://purl.org/NET/ordf/
eli	http://data.europa.eu/eli/ontology#
rdag1	http://rdvocab.info/Elements/
kai	http://kai.uni-kiel.de/
odpart	http://www.ontologydesignpatterns.org/cp/owl/participation.owl#
rdag3	http://rdvocab.info/ElementsGr3/
gq	http://genomequest.com/
viso	http://purl.org/viso/
eurlex	http://eur-lex.publicdata.eu/ontology/
gcis	http://data.globalchange.gov/gcis.owl#
crsw	http://courseware.rkbexplorer.com/ontologies/courseware#
geod	http://vocab.lenka.no/geo-deling#
pproc	http://contsem.unizar.es/def/sector-publico/pproc#
vgo	http://purl.org/net/VideoGameOntology#
dcoid	http://dx.deepcarbon.net/
bk	http://www.provbook.org/ns/#
ses	http://lod.taxonconcept.org/ses/
muldicat	http://iflastandards.info/ns/muldicat#
laabs	http://dbpedia.org/resource/
edgar	http://edgarwrap.ontologycentral.com/vocab/edgar#
tddo	http://databugger.aksw.org/ns/core#
provone	http://purl.org/provone#
passim	http://data.lirmm.fr/ontologies/passim#
raul	http://vocab.deri.ie/raul#
lmm2	http://www.ontologydesignpatterns.org/ont/lmm/LMM_L2.owl#
ftcontent	http://www.ft.com/ontology/content/
trait	http://contextus.net/ontology/ontomedia/ext/common/trait#
ebucore	http://www.ebu.ch/metadata/ontologies/ebucore/ebucore#
pois	http://purl.oclc.org/POIS/vcblr#
dogont	http://elite.polito.it/ontologies/dogont.owl#
oprovo	http://openprovenance.org/ontology#
fma	http://sig.uw.edu/fma#
oplprod	http://www.openlinksw.com/ontology/products#
mocanal	http://www.semanticweb.org/asow/ontologies/2013/9/untitled-ontology-36#
pvcs	http://purl.org/twc/vocab/pvcs#
dbpedia2	http://dbpedia.org/property/
rdfdata	http://rdf.data-vocabulary.org/rdf.xml#
osadm	http://data.ordnancesurvey.co.uk/ontology/admingeo/
wno	http://wordnet-rdf.princeton.edu/ontology#
lmm1	http://www.ontologydesignpatterns.org/ont/lmm/LMM_L1.owl#
parl	https://id.parliament.uk/schema/
my	http://www.mobile.com/model/
bis	http://bis.270a.info/dataset/
fam	http://vocab.fusepool.info/fam#
being	http://purl.org/ontomedia/ext/common/being#
opllic	http://www.openlinksw.com/ontology/licenses#
bco	http://purl.obolibrary.org/obo/bco.owl#
agro	http://agrinepaldata.com/vocab/
bmo	http://collection.britishmuseum.org/id/ontology/
dpd	http://www.kanzaki.com/ns/dpd#
mds	http://doc.metalex.eu/id/
defns	http://www.openarchives.org/OAI/2.0/
oad	http://lod.xdams.org/reload/oad/
mb	http://dbtune.org/musicbrainz/resource/instrument/
app	http://jmvanel.free.fr/ontology/software_applications.n3#
tao	http://vocab.deri.ie/tao#
opencyc	http://sw.opencyc.org/concept/
rdl	http://data.posccaesar.org/rdl/
ecc	https://ns.eccenca.com/
tw	http://tw.rpi.edu/schema/
of	http://owlrep.eu01.aws.af.cm/fridge#
oliasystem	http://purl.org/olia/system.owl#
fbgeo	http://rdf.freebase.com/ns/location/geocode/
call	http://webofcode.org/wfn/call:
bag	http://bag.basisregistraties.overheid.nl/def/bag#
contsem	http://contsem.unizar.es/def/sector-publico/contratacion#
openskos	http://openskos.org/xmlns#
onc	http://www.ics.forth.gr/isl/oncm/core#
vra	http://simile.mit.edu/2003/10/ontologies/vraCore3#
uis	http://uis.270a.info/dataset/
thors	http://resource.geosciml.org/ontology/timescale/thors#
cjr	http://vocab.linkeddata.es/datosabiertos/def/urbanismo-infraestructuras/callejero#
location	http://sw.deri.org/2006/07/location/loc#
mico	http://www.mico-project.eu/ns/platform/1.0/schema#
pnt	http://data.press.net/ontology/tag/
dbrc	http://dbpedia.org/resource/Category:
omnlife	http://open-multinet.info/ontology/omn-lifecycle#
lc	http://semweb.mmlab.be/ns/linkedconnections#
spdx	http://spdx.org/rdf/terms#
lso	http://linkedspending.aksw.org/ontology/
imf	http://imf.270a.info/dataset/
frb	http://frb.270a.info/dataset/
cdc	http://www.contextdatacloud.org/resource/
cmdm	http://infra.clarin.eu/cmd/
odo	http://ocean-data.org/schema/
ldr	http://purl.oclc.org/NET/ldr/ns#
erce	http://xxefe.de/
bv	http://purl.org/vocommons/bv#
abs	http://abs.270a.info/dataset/
gov	http://gov.genealogy.net/ontology.owl#
mt	http://www.w3.org/2001/sw/DataAccess/tests/test-manifest#
geos	http://www.telegraphis.net/ontology/geography/geography#
maso	http://securitytoolbox.appspot.com/MASO#
oh	http://semweb.mmlab.be/ns/oh#
cl	http://advene.org/ns/cinelab/
bbcprov	http://www.bbc.co.uk/ontologies/provenance/
nxs	http://www.neclimateus.org/
pnc	http://data.press.net/ontology/classification/
tm	http://def.seegrid.csiro.au/isotc211/iso19108/2002/temporal#
videogame	http://purl.org/net/vgo#
ext	http://def.seegrid.csiro.au/isotc211/iso19115/2003/extent#
lfov	https://w3id.org/legal_form#
gl	http://schema.geolink.org/
guo	http://purl.org/hpi/guo#
language	http://id.loc.gov/vocabulary/iso639-1/
mmd	http://musicbrainz.org/ns/mmd-1.0#
gf	http://def.seegrid.csiro.au/isotc211/iso19109/2005/feature#
cmdi	http://www.clarin.eu/cmd/
csv	http://vocab.sindice.net/csv/
fcs	http://clarin.eu/fcs/resource#
oplres	http://www.openlinksw.com/ontology/restrictions#
sam	http://def.seegrid.csiro.au/isotc211/iso19156/2011/sampling#
form	http://deductions-software.com/ontologies/forms.owl.ttl#
aws	http://purl.oclc.org/NET/ssnx/meteo/aws#
isocat	http://www.isocat.org/datcat/
agrd	http://agrinepaldata.com/
roadmap	http://mappings.roadmap.org/
msm	http://iserve.kmi.open.ac.uk/ns/msm#
doas	http://deductions.github.io/doas.owl.ttl#
omdoc	http://omdoc.org/ontology/
shex	http://www.w3.org/2013/ShEx/ns#
odapps	http://semweb.mmlab.be/ns/odapps#
wfn	http://webofcode.org/wfn/
pod	https://project-open-data.cio.gov/v1.1/schema/#
estrn	http://vocab.linkeddata.es/datosabiertos/def/urbanismo-infraestructuras/transporte#
ruto	http://rdfunit.aksw.org/ns/core#
dq	http://def.seegrid.csiro.au/isotc211/iso19115/2003/dataquality#
dbug	http://ontologi.es/doap-bugs#
olac11	http://www.language-archives.org/OLAC/1.1/
skos08	http://www.w3.org/2008/05/skos#
nex	http://www.nexml.org/2009/
deps	http://ontologi.es/doap-deps#
babelnet	http://babelnet.org/2.0/
bevon	http://rdfs.co/bevon/
static	http://vocab-ld.org/vocab/static-ld#
dicom	http://purl.org/healthcarevocab/v1#
wikim	http://spi-fm.uca.es/spdef/models/genericTools/wikim/1.0#
sru	http://www.loc.gov/zing/srw/
oils	http://lemon-model.net/oils#
employee	http://www.employee.com/data#
jp1	http://rdf.muninn-project.org/ontologies/jp1/
bgcat	http://bg.dbpedia.org/resource/?????????:
cpant	http://purl.org/NET/cpan-uri/terms#
lexicon	http://www.example.org/lexicon#
rdarel2	http://metadataregistry.org/uri/schema/RDARelationshipsGR2/
mmt	http://linkedmultimedia.org/sparql-mm/functions/temporal#
onisep	http://rdf.onisep.fr/resource/
citof	http://www.essepuntato.it/2013/03/cito-functions#
pco	http://purl.org/procurement/public-contracts#
esaloj	http://vocab.linkeddata.es/datosabiertos/def/turismo/alojamiento#
topo	http://data.ign.fr/def/topo#
itm	http://spi-fm.uca.es/spdef/models/genericTools/itm/1.0#
bgn	http://bibliograph.net/schemas/
oan	http://data.lirmm.fr/ontologies/oan/
dannet	http://www.wordnet.dk/owl/instance/2009/03/instances/
vext	http://ldf.fi/void-ext#
olac	http://www.language-archives.org/OLAC/1.0/
rmo	http://eatld.et.tu-dresden.de/rmo#
taxon	http://purl.org/biodiversity/taxon/
limo	http://www.purl.org/limo-ontology/limo#
plo	http://purl.org/net/po#
hr	http://iserve.kmi.open.ac.uk/ns/hrests#
holding	http://purl.org/ontology/holding#
psys	http://www.ontotext.com/proton/protonsys#
smg	http://ns.cerise-project.nl/energy/def/cim-smartgrid#
voidext	http://rdfs.org/ns/void-ext#
irsteaont	http://ontology.irstea.fr/weather/ontology#
llo	http://lodlaundromat.org/ontology/
basic	http://def.seegrid.csiro.au/isotc211/iso19103/2005/basic#
sro	http://salt.semanticauthoring.org/ontologies/sro#
fp3	http://vocab.fusepool.info/fp3#
acrt	http://privatealpha.com/ontology/certification/1#
esadm	http://vocab.linkeddata.es/datosabiertos/def/sector-publico/territorio#
gaf	http://groundedannotationframework.org/
lda	http://purl.org/linked-data/api/vocab#
pic	http://www.ipaw.info/ns/picaso#
sbench	http://swat.cse.lehigh.edu/onto/univ-bench.owl#
dpc	http://hospee.org/ontologies/dpc/
odrs	http://schema.theodi.org/odrs#
wro	http://purl.org/net/wf4ever/ro#
cart	http://purl.org/net/cartCoord#
rvl	http://purl.org/rvl/
ccrel	http://creativecommons.org/ns#
frame	http://www.ontologydesignpatterns.org/ont/framenet/abox/frame/
sw	http://linkedwidgets.org/statisticalwidget/ontology/
origins	http://origins.link/
lio	http://purl.org/net/lio#
xlime	http://xlime-project.org/vocab/
gm	http://def.seegrid.csiro.au/isotc211/iso19107/2003/geometry#
gts	http://resource.geosciml.org/ontology/timescale/gts#
mmf	http://linkedmultimedia.org/sparql-mm/ns/1.0.0/function#
oplcert	http://www.openlinksw.com/schemas/cert#
shoah	http://dati.cdec.it/lod/shoah/
ost	http://w3id.org/ost/ns#
sao	http://salt.semanticauthoring.org/ontologies/sao#
friends	http://www.openarchives.org/OAI/2.0/friends/
bbccms	http://www.bbc.co.uk/ontologies/cms/
tavprov	http://ns.taverna.org.uk/2012/tavernaprov/
shw	http://paul.staroch.name/thesis/SmartHomeWeather.owl#
dsn	http://purl.org/dsnotify/vocab/eventset/
oss	http://opendata.caceres.es/def/ontosemanasanta#
tac	http://ns.bergnet.org/tac/0.1/triple-access-control#
l2sp	http://www.linked2safety-project.eu/properties/
galaksiya	http://ontoloji.galaksiya.com/vocab/
scip	http://lod.taxonconcept.org/ontology/sci_people.owl#
physo	http://merlin.phys.uni.lodz.pl/onto/physo/physo.owl#
kml	http://www.opengis.net/kml/2.2#
daq	http://purl.org/eis/vocab/daq#
ls	http://linkedspending.aksw.org/instance/
pattern	http://www.essepuntato.it/2008/12/pattern#
hdo	http://www.samos.gr/ontologies/helpdeskOnto.owl#
travel	http://www.co-ode.org/roberts/travel.owl#
security	http://securitytoolbox.appspot.com/securityMain#
hp	http://purl.org/voc/hp/
scoro	http://purl.org/spar/scoro/
wn31	http://wordnet-rdf.princeton.edu/wn31/
oslo	http://purl.org/oslo/ns/localgov#
whisky	http://vocab.org/whisky/terms/
rs	http://spektrum.ctu.cz/ontologies/radio-spectrum#
lmf	http://www.lexinfo.net/lmf#
rvdata	http://data.rvdata.us/
esequip	http://vocab.linkeddata.es/datosabiertos/def/urbanismo-infraestructuras/equipamiento#
zr	http://explain.z3950.org/dtd/2.0/
estatwrap	http://ontologycentral.com/2009/01/eurostat/ns#
uri4uri	http://uri4uri.net/vocab#
trig	http://www.w3.org/2004/03/trix/rdfg-1/
locah	http://data.archiveshub.ac.uk/def/
lpeu	http://purl.org/linkedpolitics/vocabulary/eu/plenary/
chembl	http://rdf.ebi.ac.uk/terms/chembl#
lden	http://www.linklion.org/lden/
ldvm	http://linked.opendata.cz/ontology/ldvm/
luc	http://www.ontotext.com/owlim/lucene#
oplacl	http://www.openlinksw.com/ontology/acl#
bbccore	http://www.bbc.co.uk/ontologies/coreconcepts/
ll	http://lodlaundromat.org/resource/
pni	http://data.press.net/ontology/identifier/
esco	http://data.europa.eu/esco/model#
h2o	http://def.seegrid.csiro.au/isotc211/iso19150/-2/2012/basic#
lindt	https://w3id.org/lindt/voc#
bner	http://datos.bne.es/resource/
navm	https://w3id.org/navigation_menu#
llm	http://lodlaundromat.org/metrics/ontology/
pkm	http://www.ontotext.com/proton/protonkm#
naval	http://rdf.muninn-project.org/ontologies/naval#
stories	http://purl.org/ontology/stories/
vmm	http://spi-fm.uca.es/spdef/models/genericTools/vmm/1.0#
nerd	http://nerd.eurecom.fr/ontology#
metadata	http://purl.oreilly.com/ns/meta/
sor	http://purl.org/net/soron/
koly	http://www.ensias.ma/
dcs	http://ontologi.es/doap-changeset#
irstea	http://ontology.irstea.fr/
rdafr	http://rdaregistry.info/termList/frequency/
keys	http://purl.org/NET/c4dm/keys.owl#
xcql	http://docs.oasis-open.org/ns/search-ws/xcql#
rdag2	http://rdvocab.info/ElementsGr2/
wn30	http://purl.org/vocabularies/princeton/wn30/
lofv	http://purl.org/legal_form/vocab#
geovoid	http://purl.org/geovocamp/ontology/geovoid/
xapi	http://purl.org/xapi/ontology#
rdapo	http://rdaregistry.info/termList/RDAPolarity/
bridge	http://purl.org/vocommons/bridge#
xslopm	http://purl.org/net/opmv/types/xslt#
spfood	http://kmi.open.ac.uk/projects/smartproducts/ontologies/food.owl#
dbcat	http://dbpedia.org/resource/Category:
cpsv	http://purl.org/vocab/cpsv#
ipo	http://purl.org/ipo/core#
affymetrix	http://bio2rdf.org/affymetrix_vocabulary:
emtr	http://purl.org/NET/ssnext/electricmeters#
bibrm	http://vocab.ub.uni-leipzig.de/bibrm/
reegle	http://reegle.info/schema#
ramon	http://rdfdata.eionet.europa.eu/ramon/ontology/
fe	http://www.ontologydesignpatterns.org/ont/framenet/abox/fe/
unspsc	http://ontoview.org/schema/unspsc/1#
bn	http://babelnet.org/rdf/
ljkl	http://teste.com/
oplmkt	http://www.openlinksw.com/ontology/market#
ecgl	http://schema.geolink.org/
oplecrm	http://www.openlinksw.com/ontology/ecrm#
escjr	http://vocab.linkeddata.es/datosabiertos/def/urbanismo-infraestructuras/callejero#
rdagw	http://rdaregistry.info/termList/grooveWidth/
rdacct	http://rdaregistry.info/termList/CollTitle/
diag	http://www.loc.gov/zing/srw/diagnostic/
loted	http://loted.eu/ontology#
rdafnm	http://rdaregistry.info/termList/FormNoteMus/
yo	http://yovisto.com/
npdv	http://sws.ifi.uio.no/vocab/npd#
sakthi	http://infotech.nitk.ac.in/research-scholars/sakthi-murugan-r/
rdami	http://rdaregistry.info/termList/modeIssue/
kegg	http://bio2rdf.org/ns/kegg#
voidwh	http://www.ics.forth.gr/isl/VoIDWarehouse/VoID_Extension_Schema.owl#
opengov	http://www.w3.org/opengov#
phdd	http://rdf-vocabulary.ddialliance.org/phdd#
csvw	http://www.w3.org/ns/csvw#
date	http://contextus.net/ontology/ontomedia/misc/date#
wikimedia	http://upload.wikimedia.org/wikipedia/commons/f/f6/
rdatc	http://rdaregistry.info/termList/trackConfig/
rdabm	http://rdaregistry.info/termList/RDABaseMaterial/
rdasoi	http://rdaregistry.info/termList/statIdentification/
verb	https://w3id.org/verb/
rdamt	http://rdaregistry.info/termList/RDAMediaType/
c9d	http://purl.org/twc/vocab/conversion/
swpm	http://spi-fm.uca.es/spdef/models/deployment/swpm/1.0#
olca	http://www.lingvoj.org/olca#
rdarr	http://rdaregistry.info/termList/RDAReductionRatio/
ilap	http://data.posccaesar.org/ilap/
goog	http://schema.googleapis.com/
gpml	http://vocabularies.wikipathways.org/gpml#
rdagd	http://rdaregistry.info/termList/gender/
d2d	http://rdfns.org/d2d/
lsd	http://linkedwidgets.org/statisticaldata/ontology/
eurostat	http://wifo5-04.informatik.uni-mannheim.de/eurostat/resource/eurostat/
mtlo	http://www.ics.forth.gr/isl/MarineTLO/v4/marinetlo.owl#
xrd	http://docs.oasis-open.org/ns/xri/xrd-1.0#
oplcb	http://www.openlinksw.com/schemas/crunchbase#
rdaftn	http://rdaregistry.info/termList/TacNotation/
condition	http://www.kinjal.com/condition:
wb	http://data.worldbank.org/
ontosec	http://www.semanticweb.org/ontologies/2008/11/OntologySecurity.owl#
insdc	http://ddbj.nig.ac.jp/ontologies/sequence#
glview	http://schema.geolink.org/dev/view/
eccrev	https://vocab.eccenca.com/revision/
religion	http://rdf.muninn-project.org/ontologies/religion#
lemonuby	http://lemon-model.net/lexica/uby/
solid	http://www.w3.org/ns/solid/terms#
cbo	http://comicmeta.org/cbo/
lcdr	http://ns.lucid-project.org/revision/
bgdbp	http://bg.dbpedia.org/property/
oml	http://def.seegrid.csiro.au/ontology/om/om-lite#
bnf	http://www.w3.org/2000/10/swap/grammar/bnf#
rdagrp	http://rdaregistry.info/termList/groovePitch/
kees	http://linkeddata.center/kees/v1#
rdaemm	http://rdaregistry.info/termList/emulsionMicro/
rdaco	http://rdaregistry.info/termList/RDAContentType/
rdarm	http://registry.info/termList/recMedium/
foo	http://filmontology.org/ontology/1.0/
bgdbr	http://bg.dbpedia.org/resource/
spcm	http://spi-fm.uca.es/spdef/models/deployment/spcm/1.0#
caplibacl	http://schemas.capita-libraries.co.uk/2015/acl/schema#
beth	http://www.google.com/
rdact	http://rdaregistry.info/termList/RDACarrierType/
oae	http://www.ics.forth.gr/isl/oae/core#
faq	http://www.openlinksw.com/ontology/faq#
wikibase	http://wikiba.se/ontology#
espresup	http://vocab.linkeddata.es/datosabiertos/def/hacienda/presupuestos#
orges	http://datos.gob.es/def/sector-publico/organizacion#
lmx	http://www.w3.org/XML/1998/namespace/
omnfed	http://open-multinet.info/ontology/omn-federation#
vidont	http://vidont.org/
saws	http://purl.org/saws/ontology#
clirio	http://clirio.kaerle.com/clirio.owl#
d0	http://ontologydesignpatterns.org/ont/wikipedia/d0.owl#
bfo	http://www.ifomis.org/bfo/1.1#
ubiq	http://server.ubiqore.com/ubiq/core#
rdacc	http://rdaregistry.info/termList/RDAColourContent/
ha	http://sensormeasurement.appspot.com/ont/home/homeActivity#
decision	https://decision-ontology.googlecode.com/svn/trunk/decision.owl#
vstoi	http://hadatac.org/ont/vstoi#
ncit	http://ncicb.nci.nih.gov/xml/owl/EVS/Thesaurus.owl#
odbc	http://www.openlinksw.com/ontology/odbc#
rdasco	http://rdaregistry.info/termList/soundCont/
td5	http://td5.org/#
lw	http://linkedwidgets.org/ontologies/
scor	http://purl.org/eis/vocab/scor#
art	http://w3id.org/art/terms/1.0/
owsom	https://onlinesocialmeasures.wordpress.com/
rml	http://semweb.mmlab.be/ns/rml#
rdafmn	http://rdaregistry.info/termList/MusNotation/
dicera	http://semweb.mmlab.be/ns/dicera#
vag	http://www.essepuntato.it/2013/10/vagueness/
cwl	https://w3id.org/cwl/cwl#
leaks	http://data.ontotext.com/resource/leak/
tp	http://tour-pedia.org/download/tp.owl#
oxi	http://omerxi.com/ontologies/core.owl.ttl#
merge	http://jazz.net/ns/lqe/merge/
escom	http://vocab.linkeddata.es/datosabiertos/def/comercio/tejidoComercial#
rofrr	http://rdaregistry.info/termList/rofrr/
incident	http://vocab.resc.info/incident#
esdir	http://vocab.linkeddata.es/datosabiertos/def/urbanismo-infraestructuras/direccionPostal#
rdafs	http://rdaregistry.info/termList/fontSize/
figigii	http://www.omg.org/spec/FIGI/GlobalInstrumentIdentifiers/
mexv	http://mex.aksw.org/mex-algo#
tadirah	http://tadirah.dariah.eu/vocab/
company	http://intellimind.io/ns/company#
samfl	http://def.seegrid.csiro.au/ontology/om/sam-lite#
fdbp	http://fr.dbpedia.org/property/
auto	http://auto.schema.org/
rdapmt	http://rdaregistry.info/termList/prodTactile/
ecglview	http://schema.geolink.org/view/
ogc	http://www.opengis.net/def/
jolux	http://data.legilux.public.lu/resource/ontology/jolux#
quantity	http://qudt.org/schema/quantity#
rofch	http://rdaregistry.info/termList/rofch/
hasneto	http://hadatac.org/ont/hasneto#
proms	http://promsns.org/def/proms#
traffic	http://www.sensormeasurement.appspot.com/ont/transport/traffic#
ev	http://www.w3.org/2001/xml-events/
lawd	http://lawd.info/ontology/
orth	http://purl.org/net/orth#
pcdt	http://purl.org/procurement/public-contracts-datatypes#
uneskos	http://purl.org/voc/uneskos#
rdabf	http://rdaregistry.info/termList/bookFormat/
aktivesa	http://sa.aktivespace.org/ontologies/aktivesa#
demlab	http://www.demcare.eu/ontologies/demlab.owl#
airs	https://raw.githubusercontent.com/airs-linked-data/lov/latest/src/airs_vocabulary.ttl#
cpack	http://cliopatria.swi-prolog.org/schema/cpack#
lsmap	http://ontology.cybershare.utep.edu/ELSEWeb/elseweb-data.owl#
leak	http://data.ontotext.com/resource/leaks#
mv	http://schema.mobivoc.org/
rdatr	http://rdaregistry.info/termList/typeRec/
latitude	https://www.w3.org/2006/vcard/ns#latitude#
uby	http://purl.org/olia/ubyCat.owl#
dio	https://w3id.org/dio#
vacseen1	http://www.semanticweb.org/parthasb/ontologies/2014/6/vacseen1/
moo	http://www.movieontology.org/2009/11/09/movieontology.owl#
ofrd	http://purl.org/opdm/refrigerator#
rofer	http://rdaregistry.info/termList/rofer/
rdaz	http://rdaregistry.info/Elements/z/
lsqv	http://lsq.aksw.org/vocab#
rdafnv	http://rdaregistry.info/termList/noteForm/
dm2e	http://onto.dm2e.eu/schemas/dm2e/
cdt	http://w3id.org/lindt/custom_datatypes#
rofit	http://rdaregistry.info/termList/rofit/
essglobal	http://purl.org/essglobal/vocab/v1.0/
ops	http://vocabularies.bridgedb.org/ops#
newsevents	http://www.aifb.uni-karlsruhe.de/WBS/uhe/ontologies#
sg	http://www.springernature.com/scigraph/ontologies/core/
jerm	http://jermontology.org/ontology/JERMOntology#
data	http://data.odw.tw/
rofem	http://rdaregistry.info/termList/rofem/
sdshare	http://www.sdshare.org/2012/extension/
um	http://intelleo.eu/ontologies/user-model/ns/
gont	https://gont.ch/
efrbroo	http://erlangen-crm.org/efrbroo/
lswmo	http://ontology.cybershare.utep.edu/ELSEWeb/elseweb-modelling.owl#
esapar	http://vocab.linkeddata.es/datosabiertos/def/urbanismo-infraestructuras/aparcamiento#
eccauth	https://vocab.eccenca.com/auth/
gist	http://ontologies.semanticarts.com/gist#
datex	http://vocab.datex.org/terms#
rut	http://rdfunit.aksw.org/ns/core#
imind	http://schema.intellimind.ns/symbology#
mexcore	http://mex.aksw.org/mex-core#
mbgd	http://mbgd.genome.ad.jp/owl/mbgd.owl#
hello	https://www.youtube.com/user/SuperTellAFriend/featured/
bsym	http://bsym.bloomberg.com/sym/
step	http://purl.org/net/step#
mdi	http://w3id.org/multidimensional-interface/ontology#
ttla	https://w3id.org/ttla/
gci	http://ontology.eil.utoronto.ca/GCI/Foundation/GCI-Foundation.owl#
webservice	http://www.openlinksw.com/ontology/webservices#
ruian	https://data.cssz.cz/ontology/ruian/
text	http://jena.apache.org/text#
oplweb	http://www.openlinksw.com/schemas/oplweb#
fnabox	http://www.ontologydesignpatterns.org/ont/framenet/abox/
sgg	http://www.springernature.com/scigraph/graphs/
vocnet	http://schema.vocnet.org/
piero	http://reactionontology.org/piero/
lheo	http://www.conjecto.com/ontology/2015/lheo#
llont	http://www.linklion.org/ontology#
rofid	http://rdaregistry.info/termList/rofid/
tix	http://toptix.com/2010/esro/
ianarel	http://www.iana.org/assignments/relation/
cwork	http://www.bbc.co.uk/ontologies/creativework/
markus	http://www.markus.com/
pv	http://ns.inria.fr/provoc#
html	http://izmus.cz/#
mod	http://www.isibang.ac.in/ns/mod#
pp	http://peoplesplaces.de/ontology#
hto	http://project-haystack.org/hto#
amsl	http://vocab.ub.uni-leipzig.de/amsl/
driver	http://deductions.github.io/drivers.owl.ttl#
rofsm	http://rdaregistry.info/termList/rofsm/
dqv	http://www.w3.org/ns/dqv#
mexalgo	http://mex.aksw.org/mex-algo#
edgarcik	http://edgarwrap.ontologycentral.com/cik/
output	http://volt-name.space/vocab/output#
remetca	http://www.purl.org/net/remetca#
ethc	http://ethoinformatics.org/ethocore/
itcat	http://th-brandenburg.de/ns/itcat#
clinic	http://example.com/clinic#
puml	http://plantuml.com/ontology#
opllog	http://www.openlinksw.com/ontology/logging#
glycan	http://purl.jp/bio/12/glyco/glycan#
changeset	http://purl.org/vocab/changeset/schema#
geojson	http://ld.geojson.org/vocab#
fo	http://www.w3.org/1999/XSL/Format#
regorg	http://www.w3.org/ns/regorg#
owl2xml	http://www.w3.org/2006/12/owl2-xml#
cff	http://purl.oclc.org/NET/ssnx/cf/cf-feature#
lgdm	http://linkedgeodata.org/meta/
fntbox	http://www.ontologydesignpatterns.org/ont/framenet/tbox/
dcatapit	http://dati.gov.it/onto/dcatapit#
yd	https://yodata.io/
teamwork	http://topbraid.org/teamwork#
gs1	http://gs1.org/voc/
iana	http://www.iana.org/assignments/relation/
crowd	http://purl.org/crowd/
saref	https://w3id.org/saref#
lgdt	http://linkedgeodata.org/triplify/
rdaar	http://rdaregistry.info/termList/AspectRatio/
meat	http://example.com/
ns1	http://www.w3.org/1999/xhtml/vocab#
door	http://kannel.open.ac.uk/ontology#
gns	http://sws.geonames.org/
obeu	http://data.openbudgets.eu/ontology/
bioc	http://deductions.github.io/biological-collections.owl.ttl#
lsweb	http://ontology.cybershare.utep.edu/ELSEWeb/elseweb-data.owl#
lswpm	http://ontology.cybershare.utep.edu/ELSEWeb/elseweb-lifemapper-parameters.owl#
minim	http://purl.org/minim/minim#
pid	http://permid.org/ontology/organization/
rofrm	http://rdaregistry.info/termList/rofrm/
pcit	http://public-contracts.nexacenter.org/id/propertiesRole/
sosa	http://www.w3.org/ns/sosa/
swcomp	https://github.com/ali1k/ld-reactor/blob/master/vocabulary/index.ttl#
dpn	http://purl.org/dpn#
cwrc	http://sparql.cwrc.ca/ontology/cwrc#
duv	http://www.w3.org/ns/duv#
vf	https://w3id.org/valueflows#
nlon	http://lod.nl.go.kr/ontology/
kbv	https://id.kb.se/vocab/
wimpo	http://rdfex.org/withImports?uri=
lslife	http://ontology.cybershare.utep.edu/ELSEWeb/elseweb-lifemapper.owl#
tgm	http://id.loc.gov/vocabulary/graphicMaterials/
open311	http://ontology.eil.utoronto.ca/open311#
r4r	http://guava.iis.sinica.edu.tw/r4r/
uom	http://www.opengis.net/def/uom/OGC/1.0/
dash	http://datashapes.org/dash#
iiif	http://iiif.io/api/image/2#
rofhf	http://rdaregistry.info/termList/rofhf/
rpath	https://w3id.org/lodsight/rdf-path#
rgml	http://purl.org/puninj/2001/05/rgml-schema#
alethio	http://aleth.io/
eccdi	https://vocab.eccenca.com/di/
esair	http://vocab.linkeddata.es/datosabiertos/def/medio-ambiente/calidad-aire#
literal	http://www.essepuntato.it/2010/06/literalreification/
isbdu	http://iflastandards.info/ns/isbd/unc/elements/
ou	http://opendata.unex.es/def/ontouniversidad#
ensembl	http://rdf.ebi.ac.uk/resource/ensembl/
mmoon	http://mmoon.org/mmoon/
vartrans	http://www.w3.org/ns/lemon/vartrans#
datacite	http://purl.org/spar/datacite/
fire	http://tldp.org/HOWTO/XML-RPC-HOWTO/xmlrpc-howto-java.html#
neotec	http://neotec.rc.unesp.br/resource/Neotectonics/
b3kat	http://lod.b3kat.de/title/
dcosample	http://info.deepcarbon.net/sample/schema#
ipsv	http://id.esd.org.uk/list/
rdapm	http://rdaregistry.info/termList/RDAproductionMethod/
pmonb	http://premon.fbk.eu/ontology/nb#
rofin	http://rdaregistry.info/termList/rofin/
dwciri	http://rs.tdwg.org/dwc/iri/
lsq	http://lsq.aksw.org/vocab#
frgeo	http://rdf.insee.fr/geo/
bb	http://www.snik.eu/ontology/bb/
pmo	http://premon.fbk.eu/ontology/core#
qms	http://data.europa.eu/esco/qms#
rofet	http://rdaregistry.info/termList/rofet/
si	http://sisteminformasi.com/
csdbp	http://cs.dbpedia.org/
sorg	http://schema.org/
sx	http://shex.io/ns/shex#
pm	http://premon.fbk.eu/resource/
pmovn	http://premon.fbk.eu/ontology/vn#
rofsf	http://rdaregistry.info/termList/rofsf/
meshv	http://id.nlm.nih.gov/mesh/vocab#
rofim	http://rdaregistry.info/termList/rofim/
rofrt	http://rdaregistry.info/termList/rofrt/
mmm	http://www.mico-project.eu/ns/mmm/2.0/schema#
jpost	http://rdf.jpostdb.org/ontology/jpost.owl#
biml	http://schemas.varigence.com/biml.xsd#
crime	http://purl.org/vocab/reloc/
crmdig	http://www.ics.forth.gr/isl/CRMext/CRMdig.rdfs/
volt	http://volt-name.space/ontology/
cue	http://www.clarin.eu/cmdi/cues/display/1.0#
ws	http://www.w3.org/ns/pim/space#
planet	http://dbpedia.org/
lgt	http://linkedgadget.com/wiki/Property:
pcdm	http://pcdm.org/models#
dcap	http://purl.org/ws-mmi-dc/terms/
semiot	http://w3id.org/semiot/ontologies/semiot#
rfd	http://com.intrinsec//ontology#
wde	http://www.wikidata.org/entity/
pmhb	http://pmhb.org/
bblfish	http://bblfish.net/people/henry/card#
sdterms	http://statisticaldata.linkedwidgets.org/terms/
rdacdt	http://rdaregistry.info/termList/RDACartoDT/
rdb	http://www.dbs.cs.uni-duesseldorf.de/RDF/relational#
atlas	http://rdf.ebi.ac.uk/resource/atlas/
rdaterm	http://rdaregistry.info/termList/RDATerms/
json	https://www.ecma-international.org/publications/files/ECMA-ST/ECMA-404.pdf#
efd	http://data.foodanddrinkeurope.eu/ontology#
dcodata	http://info.deepcarbon.net/data/schema#
pmd	http://publishmydata.com/def/dataset#
rdfp	https://w3id.org/rdfp/
cd	http://citydata.wu.ac.at/ns#
wdv	http://www.wikidata.org/value/
customer	http://www.valuelabs.com/
voc	http://voc.odw.tw/
sdt	http://statisticaldata.linkedwidgets.org/terms/
tarql	http://tarql.github.io/tarql#
neotecbib	http://neotec.rc.unesp.br/resource/NeotectonicsBibliography/
maet	http://edg.topbraid.solutions/taxonomy/macroeconomics/
system	http://www.univalle.edu.co/ontologies/System#
pmofn	http://premon.fbk.eu/ontology/fn#
ttp	http://eample.com/test#
juso	http://rdfs.co/juso/
salad	https://w3id.org/cwl/salad#
eccpubsub	https://vocab.eccenca.com/pubsub/
aozora	http://purl.org/net/aozora/
fluidops	http://www.fluidops.com/
esproc	http://vocab.linkeddata.es/datosabiertos/def/sector-publico/procedimientos#
ali	http://www.niso.org/schemas/ali/1.0/
year	http://www.w3.org/year/
lyon	http://dbpedia.org/resource/Lyon/
dcodt	http://info.deepcarbon.net/datatype/schema#
sct	http://snomed.info/sct/
prohow	https://w3id.org/prohow#
rdacarx	http://rdaregistry.info/termList/RDACarrierEU/
scholl	http://menemeneml.com/school#
or	http://openresearch.org/vocab/
mls	http://www.w3.org/ns/mls#
rdfsharp	https://rdfsharp.codeplex.com/
spv	http://completeness.inf.unibz.it/sp-vocab#
rdacpc	http://rdaregistry.info/termList/configPlayback/
pmopb	http://premon.fbk.eu/ontology/pb#
asawoo	http://liris.cnrs.fr/asawoo/
pdf	http://ns.adobe.com/pdf/1.3/
eame	http://www.semanticweb.org/ontologia_EA#
pbody	http://reference.data.gov.uk/def/public-body/
rdaft	http://rdaregistry.info/termList/fileType/
odw	http://odw.tw/
llr	http://lodlaundromat.org/resource/
ideotalex	http://www.ideotalex.eu/datos/recurso/
dbfo	http://dbpedia.org/facts/ontology#
tissue	http://www.univalle.edu.co/ontologies/Tissue#
vam	http://www.metmuseum.org/
ldqm	http://linkeddata.es/resource/ldqm/
eem	http://purl.org/eem#
rdabs	http://rdaregistry.info/termList/broadcastStand/
isidore	http://www.rechercheisidore.fr/class/
rdagen	http://rdaregistry.info/termList/RDAGeneration/
vogd	http://ogd.ifs.tuwien.ac.at/vienna/geo/
rdalay	http://rdaregistry.info/termList/layout/
sgfn	http://w3id.org/sparql-generate/fn/
voidex	http://www.swi-prolog.org/rdf/library/
webac	http://fedora.info/definitions/v4/webac#
ldq	http://www.linkeddata.es/ontology/ldq#
gobierno	http://www.gobierno.es/gobierno/
apf	http://jena.apache.org/ARQ/property#
fno	http://w3id.org/function/ontology#
sdmxm	http://purl.org/linked-data/sdmx/2009/measure#
ncicp	http://ncicb.nci.nih.gov/xml/owl/EVS/Thesaurus.owl#
provinsi	http://provinsi.com/
sdmxc	http://purl.org/linked-data/sdmx/2009/concept#
vplan	http://www.ifs.tuwien.ac.at/~miksa/ontologies/VPlan.owl#
eol	http://purl.org/biodiversity/eol/
doi	https://doi.org/
rdax	http://rdaregistry.info/Elements/x/
organ	http://www.univalle.edu.co/ontologies/Organ#
rm	http://jazz.net/ns/rm#
smxm	http://smxm.ga/
iso37120	http://ontology.eil.utoronto.ca/ISO37120.owl#
sdmxcode	http://purl.org/linked-data/sdmx/2009/code#
rdapf	http://rdaregistry.info/termList/presFormat/
dsv	http://purl.org/iso25964/DataSet/Versioning#
mexperf	http://mex.aksw.org/mex-perf#
estatgph	http://estatwrap.ontologycentral.com/id/nama_aux_gph#
hva	http://www.ebusiness-unibw.org/ontologies/hva/ontology#
master1	http://idl.u-grenoble3.fr/
undata	http://citydata.wu.ac.at/Linked-UNData/data/
soch	http://kulturarvsdata.se/ksamsok#
composer	http://dbpedia.org/ontology/composer/
elod	http://linkedeconomy.org/ontology#
yso	http://www.yso.fi/onto/yso/
provoc	http://ns.inria.fr/provoc/
ioto	http://www.irit.fr/recherches/MELODI/ontologies/IoT-O#
umls	http://bioportal.bioontology.org/ontologies/umls/
dbkwik	http://dbkwik.webdatacommons.org/
vort	http://rockets.topbraid.solutions/vort/
dataid	http://dataid.dbpedia.org/ns/core#
ctxdesc	http://www.demcare.eu/ontologies/contextdescriptor.owl#
maeco	http://edg.topbraid.solutions/maeco/
shacl	http://www.w3.org/ns/shacl#
wail	http://www.eyrie.org/~zednenem/2002/wail/
wsdl	http://www.w3.org/ns/wsdl-rdf#
ecoll	http://purl.org/ceu/eco/1.0#
alice	http://example.org/
estrf	http://vocab.linkeddata.es/datosabiertos/def/transporte/trafico#
scco	http://rdf.ebi.ac.uk/terms/surechembl#
dsfv	http://sws.ifi.uio.no/vocab/dsf/henriwi/dsf#
sto	https://w3id.org/i40/sto#
nature	http://deductions.github.io/nature_observation.owl.ttl#
ispra	http://dati.isprambiente.it/ontology/core#
rdaill	http://rdaregistry.info/termList/IllusContent/
sdm	http://standard.k-history.kr/resource/
psv	http://www.wikidata.org/prop/statement/value/
srx	http://www.w3.org/2005/sparql-results#
edac	http://ontology.cybershare.utep.edu/ELSEWeb/elseweb-edac.owl#
ifc	http://ifcowl.openbimstandards.org/IFC2X3_Final#
ppr	http://purl.org/datanode/ppr/ns/
orgesv2	http://datos.gob.es/sites/default/files/OntologiaDIR3/orges.owl#
svcs	http://rdfs.org/sioc/services#
km4c	http://www.disit.org/km4city/schema#
cpov	http://data.europa.eu/m8g/
mesh	http://id.nlm.nih.gov/mesh/
ontop	https://w3id.org/ontop/
persee	http://data.persee.fr/ontology/persee_ontology/
huto	http://ns.inria.fr/huto/
sfn	http://semweb.datasciencelab.be/ns/sfn#
qbe	http://citydata.wu.ac.at/qb-equations#
rdaspc	http://rdaregistry.info/termList/specPlayback/
task	http://deductions.github.io/task-management.owl.ttl#
agr	http://promsns.org/def/agr#
lcsh	http://id.loc.gov/authorities/subjects/
bdc	http://dbpedia.org/resource/Category:
ndnp	http://chroniclingamerica.loc.gov/terms#
rdavf	http://rdaregistry.info/termList/videoFormat/
im	http://imgpedia.dcc.uchile.cl/resource/
sgiter	http://w3id.org/sparql-generate/iter/
pep	https://w3id.org/pep/
dsw	http://purl.org/dsw/
dqc	http://semwebquality.org/ontologies/dq-constraints#
studiop	http://purl.org/resource/pilatesstudio/
owms	http://standaarden.overheid.nl/owms/terms/
opa	https://w3id.org/laas-iot/adream#
bot	https://w3id.org/bot#
nobel	http://data.nobelprize.org/terms/
ogdl4m	https://github.com/martynui/OGDL4M/
dgfr	http://colin.maudry.com/ontologies/dgfr#
pato	http://purl.obolibrary.org/obo/
wab	http://wab.uib.no/cost-a32_philospace/wittgenstein.owl#
tx	http://swtmp.gitlab.io/vocabulary/templates.owl#
lib	http://purl.org/library/
emergelm	http://purl.org/emergel/modules#
tui	http://data.ifs.tuwien.ac.at/study/resource/
aprov	http://purl.org/a-proc#
marcrole	http://id.loc.gov/vocabulary/relators/
rimmf	http://rimmf.com/vocab/
oplangel	http://www.openlinksw.com/schemas/angel#
emergel	http://purl.org/emergel/core#
oplbenefit	http://www.openlinksw.com/ontology/benefits#
ago	http://awesemantic-geo.link/ontology/
dpla	http://dp.la/info/developers/map/
doacc	http://purl.org/net/bel-epa/doacc#
gvoith	http://assemblee-virtuelle.github.io/grands-voisins-v2/thesaurus.ttl#
orcid	http://orcid.org/
ncbigene	http://identifiers.org/ncbigene/
connard	https://mail.google.com/mail/u/1/#
vehma	http://deductions.github.io/vehicule-management.owl.ttl#
valueflows	https://w3id.org/valueflows/
llalg	http://www.linklion.org/algorithm/
nkos	http://w3id.org/nkos#
input	http://volt-name.space/vocab/input#
frappe	http://streamreasoning.org/ontologies/frappe#
vsearch	http://vocab.sti2.at/vsearch#
rdaad	http://rdaregistry.info/Elements/a/datatype/
tsn	http://purl.org/net/tsn#
gvoi	http://assemblee-virtuelle.github.io/grands-voisins-v2/gv.owl.ttl#
dk	http://www.data-knowledge.org/dk/schema/rdf/latest/
dto	http://www.datatourisme.fr/ontology/core/1.0#
imo	http://imgpedia.dcc.uchile.cl/ontology#
geor	http://www.opengis.net/def/rule/geosparql/
geoloc	http://deductions.github.io/geoloc.owl.ttl#
memento	http://mementoweb.org/ns#
ver	https://w3id.org/version/ontology#
ondc	http://www.semanticweb.org/ontologies/2012/1/Ontology1329913965202.owl#
ssno	http://www.w3.org/ns/ssn/
oplstocks	http://www.openlinksw.com/ontology/stocks#
ecowlim	http://ecowlim.tfri.gov.tw/lode/resource/
oplp	http://www.openlinksw.com/ontology/purchases#
rdare	http://rdaregistry.info/termList/RDARegionalEncoding/
oplwebsrv	http://www.openlinksw.com/ontology/webservices#
fr	https://w3id.org/fr/def/core#
ceterms	http://purl.org/ctdl/terms/
hasco	http://hadatac.org/ont/hasco/
brk	http://brk.basisregistraties.overheid.nl/def/brk#
seeds	http://deductions.github.io/seeds.owl.ttl#
clapit	http://dati.gov.it/onto/clapit/
tosh	http://topbraid.org/tosh#
gdc	https://portal.gdc.cancer.gov/cases/
tsnchange	http://purl.org/net/tsnchange#
brt	http://brt.basisregistraties.overheid.nl/def/top10nl#
eustd	http://eurostat.linked-statistics.org/data#
pmc	http://identifiers.org/pmc/
dcatnl	http://standaarden.overheid.nl/dcatnl/terms/
sciprov	http://sweetontology.net/reprSciProvenance/
it	http://www.influencetracker.com/ontology#
ifcowl	http://www.buildingsmart-tech.org/ifcOWL/IFC4_ADD2#
allot	https://w3id.org/akn/ontology/allot#
assoc	https://w3id.org/associations/vocab#
meeting	http://www.w3.org/2002/07/meeting#
td	http://www.w3.org/ns/td#
ldn	https://www.w3.org/TR/ldn/#
pair	http://virtual-assembly.org/pair/PAIR_LOD_V3.owl/
snac	http://socialarchive.iath.virginia.edu/
audit	http://fedora.info/definitions/v4/audit#
fssp	http://linkeddata.fssprus.ru/resource/
id	http://identifiers.org/
ims	http://www.imsglobal.org/xsd/imsmd_v1p2/
tg	http://www.turnguard.com/turnguard#
ldl	https://w3id.org/ldpdl/ns#
globalcube	http://kalmar32.fzi.de/triples/global-cube.ttl#
ido	http://purl.obolibrary.org/obo/ido.owl#
its	http://www.w3.org/2005/11/its/rdf#
aseonto	http://requirement.ase.ru/requirements_ontology#
theme	http://voc.odw.tw/theme/
scra	http://purl.org/net/schemarama#
ja	http://jena.hpl.hp.com/2005/11/Assembler#
w3cgeo	http://www.w3.org/2003/01/geo/wgs84_pos#
fun	http://w3id.org/sparql-generate/fn/
d3s	http://vocbench.solidaridad.cloud/taxonomies#
aml	https://w3id.org/i40/aml#
oplli	http://www.openlinksw.com/schemas/linkedin#
pand	http://bag.basisregistraties.overheid.nl/bag/id/pand/
ns2	http://ogp.me/ns#video:
amt	http://academic-meta-tool.xyz/vocab#
euvoc	http://publications.europa.eu/ontology/euvoc#
bdr	http://purl.bdrc.io/resource/
cpi	http://www.ebusiness-unibw.org/ontologies/cpi/ns#
add	http://www.datatourisme.fr/ontology/core/1.0#
nih	http://ncicb.nci.nih.gov/xml/owl/EVS/Thesaurus.owl#
iter	http://w3id.org/sparql-generate/iter/
halyard	http://merck.github.io/Halyard/ns#
besluit	http://data.vlaanderen.be/ns/besluit#
osd	http://a9.com/-/spec/opensearch/1.1/
fhir	http://hl7.org/fhir/
adr	https://w3id.org/laas-iot/adream#
s3n	http://w3id.org/s3n/
jpo	http://rdf.jpostdb.org/ontology/jpost.owl#
nrv	http://ns.inria.fr/nrv#
isaterms	http://purl.org/isaterms/
crml	http://semweb.mmlab.be/ns/rml/condition#
rankrage	https://rankrage.de/
fuseki	http://jena.apache.org/fuseki#
lmdb	http://data.linkedmdb.org/movie/
fnml	http://semweb.mmlab.be/ns/fnml#
bdd	http://purl.bdrc.io/data/
bci	https://w3id.org/BCI-ontology#
iab	https://www.iab.com/guidelines/taxonomy/
iotlite	http://purl.oclc.org/NET/UNIS/fiware/iot-lite#
bob	http://good.dad/meaning/bob#
docker	http://www.w3.org/ns/bde/docker/
grel	http://semweb.datasciencelab.be/ns/grel#
pop	http://wiki.dbpedia.org/
s4bldg	https://w3id.org/def/saref4bldg#
datacron	http://www.datacron-project.eu/datAcron#
bds	http://www.bigdata.com/rdf/search#
decprov	http://promsns.org/def/decprov#
ottr	http://ns.ottr.xyz/templates#
edg	http://edg.topbraid.solutions/model/
cwlgit	https://w3id.org/cwl/view/git/
gg	http://www.gemeentegeschiedenis.nl/gg-schema#
sfd	http://semantic-forms.cc:9112/ldp/
bdo	http://purl.bdrc.io/ontology/core/
vsso	http://automotive.eurecom.fr/vsso#
medred	http://w3id.org/medred/medred#
s4envi	https://w3id.org/def/saref4envi#
linkrel	https://www.w3.org/ns/iana/link-relations/relation#
cubeont	http://ontology.cube.global/
uc	http://ucuenca.edu.ec/ontology#
bgt	http://bgt.basisregistraties.overheid.nl/def/bgt#
ontoneo	http://purl.obolibrary.org/obo/ontoneo/
da	https://www.wowman.org/index.php?id=1&type=get#
literature	http://purl.org/net/cnyt-literature#
activity	http://activitystrea.ms/specs/atom/1.0/
loupe	http://ont-loupe.linkeddata.es/def/core/
sylld	http://www.semanticweb.org/syllabus/data/
mdont	http://ont.matchdeck.com/
ddb	http://www.deutsche-digitale-bibliothek.de/edm/
number	http://km.aifb.kit.edu/projects/numbers/number#
gdpr	https://vocab.eccenca.com/gdpr/
seo	http://sda.tech/SEOontology/SEO/
shui	https://vocab.eccenca.com/shui/
imas	https://sparql.crssnky.xyz/imasrdf/URIs/imas-schema.ttl#
vehman	http://deductions.github.io/vehicule-management.owl.ttl#
timex	http://data.wu.ac.at/ns/timex#
pcdmuse	http://pcdm.org/use#
m3	http://sensormeasurement.appspot.com/m3#
mmo	http://purl.org/momayo/mmo/
mandaat	http://data.vlaanderen.be/ns/mandaat#
nosql	http://purl.org/db/nosql#
atlasterms	http://rdf.ebi.ac.uk/terms/atlas/
smartapi	http://smart-api.io/ontology/1.0/smartapi#
dead	http://utpl.edu.ec/sbc/data/
geo7	https://www.geo7.ch/
dossier	https://lod.milieuinfo.be/ns/dossier#
antenne	https://id.milieuinfo.be/ns/zendantenne#
led	http://led.kmi.open.ac.uk/term/
kmgeo	http://km.aifb.kit.edu/services/geo/ontology#
foaffff	http://gogl.com/
tikag	https://www.tikag.com/
mydb	http://mydb.org/
dcx	http://dublincore.org/dcx/
dnbt	http://d-nb.info/standards/elementset/dnb#
mobivoc	http://schema.mobivoc.org/
lido	http://www.lido-schema.org/
legal	http://www.w3.org/ns/legal#
numbers	http://km.aifb.kit.edu/projects/numbers/
gt	https://vocab.eccenca.com/geniustex/
faostat	http://reference.eionet.europa.eu/faostat/schema/
waarde	https://lod.milieuinfo.be/ns/waarde#
plg	http://parliament.uk/ontologies/legislation/
frbroo	http://iflastandards.info/ns/fr/frbr/frbroo/
mml	http://www.w3.org/1998/Math/MathML/
az	https://w3id.org/people/az/
swo	http://www.ebi.ac.uk/swo/
ecore	http://www.eclipse.org/emf/2002/Ecore#
cwlprov	https://w3id.org/cwl/prov#
swrc2	https://www.cs.vu.nl/~mcaklein/onto/swrc_ext/2005/05#
physics	http://www.astro.umd.edu/~eshaya/astro-onto/owl/physics.owl#
ids	https://w3id.org/idsa/core/
vss	http://automotive.eurecom.fr/vsso#
seokoeln	http://rankrage.de/
gbol	http://gbol.life/0.1#
goaf	http://goaf.fr/goaf#
r3d	http://www.re3data.org/schema/3-0#
dao	http://purl.org/dao#
mem	http://mementoweb.org/ns#
ppn	http://parliament.uk/ontologies/person-name/
ldt	https://www.w3.org/ns/ldt#
cocoon	https://w3id.org/cocoon/v1.0#
bioentity	http://bioentity.io/vocab/
aksw	http://aksw.org/
agrovoc	http://aims.fao.org/aos/agrovoc/
sirene	https://sireneld.io/vocab/sirene#
lmu	https://w3id.org/laas-iot/lmu#
esdbpr	http://es.dbpedia.org/resource/
cim	http://iec.ch/TC57/2013/CIM-schema-cim16#
cdao	http://purl.obolibrary.org/obo/
lovc	https://w3id.org/lovcube/ns/lovcube#
logies	https://data.vlaanderen.be/ns/logies#
omg	https://w3id.org/omg#
foam	https://www.koerperfettwaage-test.de/
fog	https://w3id.org/fog#
munc	http://ns.inria.fr/munc#
edr	https://w3id.org/laas-iot/edr#
cbim	http://www.coinsweb.nl/cbim-2.0.rdf#
rvz	http://rdfvizler.dyreriket.xyz/vocabulary/core#
rls	https://w3id.org/lovcube/ns/relovstats#
iati	http://purl.org/collections/iati/
eepsa	https://w3id.org/eepsa#
prof	http://www.w3.org/ns/dx/prof/
dot	https://w3id.org/dot#
yaco	https://www.irit.fr/recherches/MELODI/ontologies/cinema#
lmo	http://linkedmultimedia.org/sparql-mm/ns/2.0.0/ontology#
pfeepsa	https://w3id.org/pfeepsa#
bl	http://w3id.org/biolink/vocab/
ln	https://w3id.org/ln#
d2sgraph	https://w3id.org/data2services/graph/